Format,1.0B,
Memory Length,10000,
IntpDistance,0,
Trigger Address,4999,
Trigger Level,5.200E+00,
Source,CH1,
Vertical Units,V,
Vertical Units Div,0,
Vertical Units Extend Div,16,
Label, ,
Probe Type,0,
Probe Ratio,1.000E+00,
Vertical Scale,2.000E-01,
Vertical Position,-2.856E+00,
Horizontal Units,S,
Horizontal Scale,1.000E-05,
Horizontal Position,0.000E+00,
Horizontal Mode,Main,
SincET Mode,Real Time,
Sampling Period,1.000E-08,
Horizontal Old Scale,1.000E-05,
Horizontal Old Position,0.000E+00,
Firmware,V1.29,
Mode,Detail,
Waveform Data,
-5.000000e-05,3.26e+00,
-4.999000e-05,3.26e+00,
-4.998000e-05,3.26e+00,
-4.997000e-05,3.26e+00,
-4.996000e-05,3.26e+00,
-4.995000e-05,3.26e+00,
-4.994000e-05,3.26e+00,
-4.993000e-05,3.26e+00,
-4.992000e-05,3.26e+00,
-4.991000e-05,3.26e+00,
-4.990000e-05,3.26e+00,
-4.989000e-05,3.26e+00,
-4.988000e-05,3.26e+00,
-4.987000e-05,3.26e+00,
-4.986000e-05,3.26e+00,
-4.985000e-05,3.26e+00,
-4.984000e-05,3.26e+00,
-4.983000e-05,3.26e+00,
-4.982000e-05,3.26e+00,
-4.981000e-05,3.26e+00,
-4.980000e-05,3.26e+00,
-4.979000e-05,3.26e+00,
-4.978000e-05,3.26e+00,
-4.977000e-05,3.26e+00,
-4.976000e-05,3.26e+00,
-4.975000e-05,3.26e+00,
-4.974000e-05,3.26e+00,
-4.973000e-05,3.26e+00,
-4.972000e-05,3.26e+00,
-4.971000e-05,3.26e+00,
-4.970000e-05,3.26e+00,
-4.969000e-05,3.26e+00,
-4.968000e-05,3.26e+00,
-4.967000e-05,3.26e+00,
-4.966000e-05,3.26e+00,
-4.965000e-05,3.26e+00,
-4.964000e-05,3.26e+00,
-4.963000e-05,3.26e+00,
-4.962000e-05,3.26e+00,
-4.961000e-05,3.26e+00,
-4.960000e-05,3.26e+00,
-4.959000e-05,3.26e+00,
-4.958000e-05,3.26e+00,
-4.957000e-05,3.26e+00,
-4.956000e-05,3.26e+00,
-4.955000e-05,3.26e+00,
-4.954000e-05,3.26e+00,
-4.953000e-05,3.26e+00,
-4.952000e-05,3.26e+00,
-4.951000e-05,3.26e+00,
-4.950000e-05,3.26e+00,
-4.949000e-05,3.26e+00,
-4.948000e-05,3.26e+00,
-4.947000e-05,3.26e+00,
-4.946000e-05,3.26e+00,
-4.945000e-05,3.26e+00,
-4.944000e-05,3.26e+00,
-4.943000e-05,3.26e+00,
-4.942000e-05,3.26e+00,
-4.941000e-05,3.26e+00,
-4.940000e-05,3.26e+00,
-4.939000e-05,3.26e+00,
-4.938000e-05,3.26e+00,
-4.937000e-05,3.26e+00,
-4.936000e-05,3.26e+00,
-4.935000e-05,3.26e+00,
-4.934000e-05,3.26e+00,
-4.933000e-05,3.26e+00,
-4.932000e-05,3.26e+00,
-4.931000e-05,3.26e+00,
-4.930000e-05,3.26e+00,
-4.929000e-05,3.26e+00,
-4.928000e-05,3.26e+00,
-4.927000e-05,3.26e+00,
-4.926000e-05,3.26e+00,
-4.925000e-05,3.26e+00,
-4.924000e-05,3.26e+00,
-4.923000e-05,3.26e+00,
-4.922000e-05,3.26e+00,
-4.921000e-05,3.26e+00,
-4.920000e-05,3.26e+00,
-4.919000e-05,3.26e+00,
-4.918000e-05,3.26e+00,
-4.917000e-05,3.26e+00,
-4.916000e-05,3.26e+00,
-4.915000e-05,3.26e+00,
-4.914000e-05,3.26e+00,
-4.913000e-05,3.26e+00,
-4.912000e-05,3.26e+00,
-4.911000e-05,3.26e+00,
-4.910000e-05,3.26e+00,
-4.909000e-05,3.26e+00,
-4.908000e-05,3.26e+00,
-4.907000e-05,3.26e+00,
-4.906000e-05,3.26e+00,
-4.905000e-05,3.26e+00,
-4.904000e-05,3.26e+00,
-4.903000e-05,3.26e+00,
-4.902000e-05,3.26e+00,
-4.901000e-05,3.26e+00,
-4.900000e-05,3.26e+00,
-4.899000e-05,3.26e+00,
-4.898000e-05,3.26e+00,
-4.897000e-05,3.26e+00,
-4.896000e-05,3.26e+00,
-4.895000e-05,3.26e+00,
-4.894000e-05,3.26e+00,
-4.893000e-05,3.26e+00,
-4.892000e-05,3.26e+00,
-4.891000e-05,3.26e+00,
-4.890000e-05,3.26e+00,
-4.889000e-05,3.26e+00,
-4.888000e-05,3.26e+00,
-4.887000e-05,3.26e+00,
-4.886000e-05,3.26e+00,
-4.885000e-05,3.26e+00,
-4.884000e-05,3.26e+00,
-4.883000e-05,3.26e+00,
-4.882000e-05,3.26e+00,
-4.881000e-05,3.26e+00,
-4.880000e-05,3.26e+00,
-4.879000e-05,3.26e+00,
-4.878000e-05,3.26e+00,
-4.877000e-05,3.26e+00,
-4.876000e-05,3.26e+00,
-4.875000e-05,3.26e+00,
-4.874000e-05,3.26e+00,
-4.873000e-05,3.26e+00,
-4.872000e-05,3.26e+00,
-4.871000e-05,3.26e+00,
-4.870000e-05,3.26e+00,
-4.869000e-05,3.26e+00,
-4.868000e-05,3.26e+00,
-4.867000e-05,3.26e+00,
-4.866000e-05,3.26e+00,
-4.865000e-05,3.26e+00,
-4.864000e-05,3.26e+00,
-4.863000e-05,3.26e+00,
-4.862000e-05,3.26e+00,
-4.861000e-05,3.26e+00,
-4.860000e-05,3.26e+00,
-4.859000e-05,3.26e+00,
-4.858000e-05,3.26e+00,
-4.857000e-05,3.26e+00,
-4.856000e-05,3.26e+00,
-4.855000e-05,3.26e+00,
-4.854000e-05,3.26e+00,
-4.853000e-05,3.26e+00,
-4.852000e-05,3.26e+00,
-4.851000e-05,3.26e+00,
-4.850000e-05,3.26e+00,
-4.849000e-05,3.26e+00,
-4.848000e-05,3.26e+00,
-4.847000e-05,3.26e+00,
-4.846000e-05,3.26e+00,
-4.845000e-05,3.26e+00,
-4.844000e-05,3.26e+00,
-4.843000e-05,3.26e+00,
-4.842000e-05,3.26e+00,
-4.841000e-05,3.26e+00,
-4.840000e-05,3.26e+00,
-4.839000e-05,3.26e+00,
-4.838000e-05,3.26e+00,
-4.837000e-05,3.26e+00,
-4.836000e-05,3.26e+00,
-4.835000e-05,3.26e+00,
-4.834000e-05,3.26e+00,
-4.833000e-05,3.26e+00,
-4.832000e-05,3.26e+00,
-4.831000e-05,3.26e+00,
-4.830000e-05,3.26e+00,
-4.829000e-05,3.26e+00,
-4.828000e-05,3.26e+00,
-4.827000e-05,3.26e+00,
-4.826000e-05,3.26e+00,
-4.825000e-05,3.26e+00,
-4.824000e-05,3.26e+00,
-4.823000e-05,3.26e+00,
-4.822000e-05,3.26e+00,
-4.821000e-05,3.26e+00,
-4.820000e-05,3.26e+00,
-4.819000e-05,3.26e+00,
-4.818000e-05,3.26e+00,
-4.817000e-05,3.26e+00,
-4.816000e-05,3.26e+00,
-4.815000e-05,3.26e+00,
-4.814000e-05,3.26e+00,
-4.813000e-05,3.26e+00,
-4.812000e-05,3.26e+00,
-4.811000e-05,3.26e+00,
-4.810000e-05,3.26e+00,
-4.809000e-05,3.26e+00,
-4.808000e-05,3.26e+00,
-4.807000e-05,3.26e+00,
-4.806000e-05,3.26e+00,
-4.805000e-05,3.26e+00,
-4.804000e-05,3.26e+00,
-4.803000e-05,3.26e+00,
-4.802000e-05,3.26e+00,
-4.801000e-05,3.26e+00,
-4.800000e-05,3.26e+00,
-4.799000e-05,3.26e+00,
-4.798000e-05,3.26e+00,
-4.797000e-05,3.26e+00,
-4.796000e-05,3.26e+00,
-4.795000e-05,3.26e+00,
-4.794000e-05,3.26e+00,
-4.793000e-05,3.26e+00,
-4.792000e-05,3.26e+00,
-4.791000e-05,3.26e+00,
-4.790000e-05,3.26e+00,
-4.789000e-05,3.26e+00,
-4.788000e-05,3.26e+00,
-4.787000e-05,3.26e+00,
-4.786000e-05,3.26e+00,
-4.785000e-05,3.26e+00,
-4.784000e-05,3.26e+00,
-4.783000e-05,3.26e+00,
-4.782000e-05,3.26e+00,
-4.781000e-05,3.26e+00,
-4.780000e-05,3.26e+00,
-4.779000e-05,3.26e+00,
-4.778000e-05,3.26e+00,
-4.777000e-05,3.26e+00,
-4.776000e-05,3.26e+00,
-4.775000e-05,3.26e+00,
-4.774000e-05,3.26e+00,
-4.773000e-05,3.26e+00,
-4.772000e-05,3.26e+00,
-4.771000e-05,3.26e+00,
-4.770000e-05,3.26e+00,
-4.769000e-05,3.26e+00,
-4.768000e-05,3.26e+00,
-4.767000e-05,3.26e+00,
-4.766000e-05,3.26e+00,
-4.765000e-05,3.26e+00,
-4.764000e-05,3.26e+00,
-4.763000e-05,3.26e+00,
-4.762000e-05,3.26e+00,
-4.761000e-05,3.26e+00,
-4.760000e-05,3.26e+00,
-4.759000e-05,3.26e+00,
-4.758000e-05,3.26e+00,
-4.757000e-05,3.26e+00,
-4.756000e-05,3.26e+00,
-4.755000e-05,3.26e+00,
-4.754000e-05,3.26e+00,
-4.753000e-05,3.26e+00,
-4.752000e-05,3.26e+00,
-4.751000e-05,3.26e+00,
-4.750000e-05,3.26e+00,
-4.749000e-05,3.26e+00,
-4.748000e-05,3.26e+00,
-4.747000e-05,3.26e+00,
-4.746000e-05,3.26e+00,
-4.745000e-05,3.26e+00,
-4.744000e-05,3.26e+00,
-4.743000e-05,3.26e+00,
-4.742000e-05,3.26e+00,
-4.741000e-05,3.26e+00,
-4.740000e-05,3.26e+00,
-4.739000e-05,3.26e+00,
-4.738000e-05,3.26e+00,
-4.737000e-05,3.26e+00,
-4.736000e-05,3.26e+00,
-4.735000e-05,3.26e+00,
-4.734000e-05,3.26e+00,
-4.733000e-05,3.26e+00,
-4.732000e-05,3.26e+00,
-4.731000e-05,3.26e+00,
-4.730000e-05,3.26e+00,
-4.729000e-05,3.26e+00,
-4.728000e-05,3.26e+00,
-4.727000e-05,3.26e+00,
-4.726000e-05,3.26e+00,
-4.725000e-05,3.26e+00,
-4.724000e-05,3.26e+00,
-4.723000e-05,3.26e+00,
-4.722000e-05,3.26e+00,
-4.721000e-05,3.26e+00,
-4.720000e-05,3.26e+00,
-4.719000e-05,3.26e+00,
-4.718000e-05,3.26e+00,
-4.717000e-05,3.26e+00,
-4.716000e-05,3.26e+00,
-4.715000e-05,3.26e+00,
-4.714000e-05,3.26e+00,
-4.713000e-05,3.26e+00,
-4.712000e-05,3.26e+00,
-4.711000e-05,3.26e+00,
-4.710000e-05,3.26e+00,
-4.709000e-05,3.26e+00,
-4.708000e-05,3.26e+00,
-4.707000e-05,3.26e+00,
-4.706000e-05,3.26e+00,
-4.705000e-05,3.26e+00,
-4.704000e-05,3.26e+00,
-4.703000e-05,3.26e+00,
-4.702000e-05,3.26e+00,
-4.701000e-05,3.26e+00,
-4.700000e-05,3.26e+00,
-4.699000e-05,3.26e+00,
-4.698000e-05,3.26e+00,
-4.697000e-05,3.26e+00,
-4.696000e-05,3.26e+00,
-4.695000e-05,3.26e+00,
-4.694000e-05,3.26e+00,
-4.693000e-05,3.26e+00,
-4.692000e-05,3.26e+00,
-4.691000e-05,3.26e+00,
-4.690000e-05,3.26e+00,
-4.689000e-05,3.26e+00,
-4.688000e-05,3.26e+00,
-4.687000e-05,3.26e+00,
-4.686000e-05,3.26e+00,
-4.685000e-05,3.26e+00,
-4.684000e-05,3.26e+00,
-4.683000e-05,3.26e+00,
-4.682000e-05,3.26e+00,
-4.681000e-05,3.26e+00,
-4.680000e-05,3.26e+00,
-4.679000e-05,3.26e+00,
-4.678000e-05,3.26e+00,
-4.677000e-05,3.26e+00,
-4.676000e-05,3.26e+00,
-4.675000e-05,3.26e+00,
-4.674000e-05,3.26e+00,
-4.673000e-05,3.26e+00,
-4.672000e-05,3.26e+00,
-4.671000e-05,3.26e+00,
-4.670000e-05,3.26e+00,
-4.669000e-05,3.26e+00,
-4.668000e-05,3.26e+00,
-4.667000e-05,3.26e+00,
-4.666000e-05,3.26e+00,
-4.665000e-05,3.26e+00,
-4.664000e-05,3.26e+00,
-4.663000e-05,3.26e+00,
-4.662000e-05,3.26e+00,
-4.661000e-05,3.26e+00,
-4.660000e-05,3.26e+00,
-4.659000e-05,3.26e+00,
-4.658000e-05,3.26e+00,
-4.657000e-05,3.26e+00,
-4.656000e-05,3.26e+00,
-4.655000e-05,3.26e+00,
-4.654000e-05,3.26e+00,
-4.653000e-05,3.26e+00,
-4.652000e-05,3.26e+00,
-4.651000e-05,3.26e+00,
-4.650000e-05,3.26e+00,
-4.649000e-05,3.26e+00,
-4.648000e-05,3.26e+00,
-4.647000e-05,3.26e+00,
-4.646000e-05,3.26e+00,
-4.645000e-05,3.26e+00,
-4.644000e-05,3.26e+00,
-4.643000e-05,3.26e+00,
-4.642000e-05,3.26e+00,
-4.641000e-05,3.26e+00,
-4.640000e-05,3.26e+00,
-4.639000e-05,3.26e+00,
-4.638000e-05,3.26e+00,
-4.637000e-05,3.26e+00,
-4.636000e-05,3.26e+00,
-4.635000e-05,3.26e+00,
-4.634000e-05,3.26e+00,
-4.633000e-05,3.26e+00,
-4.632000e-05,3.26e+00,
-4.631000e-05,3.26e+00,
-4.630000e-05,3.26e+00,
-4.629000e-05,3.26e+00,
-4.628000e-05,3.26e+00,
-4.627000e-05,3.26e+00,
-4.626000e-05,3.26e+00,
-4.625000e-05,3.26e+00,
-4.624000e-05,3.26e+00,
-4.623000e-05,3.26e+00,
-4.622000e-05,3.26e+00,
-4.621000e-05,3.26e+00,
-4.620000e-05,3.26e+00,
-4.619000e-05,3.26e+00,
-4.618000e-05,3.26e+00,
-4.617000e-05,3.26e+00,
-4.616000e-05,3.26e+00,
-4.615000e-05,3.26e+00,
-4.614000e-05,3.26e+00,
-4.613000e-05,3.26e+00,
-4.612000e-05,3.26e+00,
-4.611000e-05,3.26e+00,
-4.610000e-05,3.26e+00,
-4.609000e-05,3.26e+00,
-4.608000e-05,3.26e+00,
-4.607000e-05,3.26e+00,
-4.606000e-05,3.26e+00,
-4.605000e-05,3.26e+00,
-4.604000e-05,3.26e+00,
-4.603000e-05,3.26e+00,
-4.602000e-05,3.26e+00,
-4.601000e-05,3.26e+00,
-4.600000e-05,3.26e+00,
-4.599000e-05,3.26e+00,
-4.598000e-05,3.26e+00,
-4.597000e-05,3.26e+00,
-4.596000e-05,3.26e+00,
-4.595000e-05,3.26e+00,
-4.594000e-05,3.26e+00,
-4.593000e-05,3.26e+00,
-4.592000e-05,3.26e+00,
-4.591000e-05,3.26e+00,
-4.590000e-05,3.26e+00,
-4.589000e-05,3.26e+00,
-4.588000e-05,3.26e+00,
-4.587000e-05,3.26e+00,
-4.586000e-05,3.26e+00,
-4.585000e-05,3.26e+00,
-4.584000e-05,3.26e+00,
-4.583000e-05,3.26e+00,
-4.582000e-05,3.26e+00,
-4.581000e-05,3.26e+00,
-4.580000e-05,3.26e+00,
-4.579000e-05,3.26e+00,
-4.578000e-05,3.26e+00,
-4.577000e-05,3.26e+00,
-4.576000e-05,3.26e+00,
-4.575000e-05,3.26e+00,
-4.574000e-05,3.26e+00,
-4.573000e-05,3.26e+00,
-4.572000e-05,3.26e+00,
-4.571000e-05,3.26e+00,
-4.570000e-05,3.26e+00,
-4.569000e-05,3.26e+00,
-4.568000e-05,3.26e+00,
-4.567000e-05,3.26e+00,
-4.566000e-05,3.26e+00,
-4.565000e-05,3.26e+00,
-4.564000e-05,3.26e+00,
-4.563000e-05,3.26e+00,
-4.562000e-05,3.26e+00,
-4.561000e-05,3.26e+00,
-4.560000e-05,3.26e+00,
-4.559000e-05,3.26e+00,
-4.558000e-05,3.26e+00,
-4.557000e-05,3.26e+00,
-4.556000e-05,3.26e+00,
-4.555000e-05,3.26e+00,
-4.554000e-05,3.26e+00,
-4.553000e-05,3.26e+00,
-4.552000e-05,3.26e+00,
-4.551000e-05,3.26e+00,
-4.550000e-05,3.26e+00,
-4.549000e-05,3.26e+00,
-4.548000e-05,3.26e+00,
-4.547000e-05,3.26e+00,
-4.546000e-05,3.26e+00,
-4.545000e-05,3.26e+00,
-4.544000e-05,3.26e+00,
-4.543000e-05,3.26e+00,
-4.542000e-05,3.26e+00,
-4.541000e-05,3.26e+00,
-4.540000e-05,3.26e+00,
-4.539000e-05,3.26e+00,
-4.538000e-05,3.26e+00,
-4.537000e-05,3.26e+00,
-4.536000e-05,3.26e+00,
-4.535000e-05,3.26e+00,
-4.534000e-05,3.26e+00,
-4.533000e-05,3.26e+00,
-4.532000e-05,3.26e+00,
-4.531000e-05,3.26e+00,
-4.530000e-05,3.26e+00,
-4.529000e-05,3.26e+00,
-4.528000e-05,3.26e+00,
-4.527000e-05,3.26e+00,
-4.526000e-05,3.26e+00,
-4.525000e-05,3.26e+00,
-4.524000e-05,3.26e+00,
-4.523000e-05,3.26e+00,
-4.522000e-05,3.26e+00,
-4.521000e-05,3.26e+00,
-4.520000e-05,3.26e+00,
-4.519000e-05,3.26e+00,
-4.518000e-05,3.26e+00,
-4.517000e-05,3.26e+00,
-4.516000e-05,3.26e+00,
-4.515000e-05,3.26e+00,
-4.514000e-05,3.26e+00,
-4.513000e-05,3.26e+00,
-4.512000e-05,3.26e+00,
-4.511000e-05,3.26e+00,
-4.510000e-05,3.26e+00,
-4.509000e-05,3.26e+00,
-4.508000e-05,3.26e+00,
-4.507000e-05,3.26e+00,
-4.506000e-05,3.26e+00,
-4.505000e-05,3.26e+00,
-4.504000e-05,3.26e+00,
-4.503000e-05,3.26e+00,
-4.502000e-05,3.26e+00,
-4.501000e-05,3.26e+00,
-4.500000e-05,3.26e+00,
-4.499000e-05,3.26e+00,
-4.498000e-05,3.26e+00,
-4.497000e-05,3.26e+00,
-4.496000e-05,3.26e+00,
-4.495000e-05,3.26e+00,
-4.494000e-05,3.26e+00,
-4.493000e-05,3.26e+00,
-4.492000e-05,3.26e+00,
-4.491000e-05,3.26e+00,
-4.490000e-05,3.26e+00,
-4.489000e-05,3.26e+00,
-4.488000e-05,3.26e+00,
-4.487000e-05,3.26e+00,
-4.486000e-05,3.26e+00,
-4.485000e-05,3.26e+00,
-4.484000e-05,3.26e+00,
-4.483000e-05,3.26e+00,
-4.482000e-05,3.26e+00,
-4.481000e-05,3.26e+00,
-4.480000e-05,3.26e+00,
-4.479000e-05,3.26e+00,
-4.478000e-05,3.26e+00,
-4.477000e-05,3.26e+00,
-4.476000e-05,3.26e+00,
-4.475000e-05,3.26e+00,
-4.474000e-05,3.26e+00,
-4.473000e-05,3.26e+00,
-4.472000e-05,3.26e+00,
-4.471000e-05,3.26e+00,
-4.470000e-05,3.26e+00,
-4.469000e-05,3.26e+00,
-4.468000e-05,3.26e+00,
-4.467000e-05,3.26e+00,
-4.466000e-05,3.26e+00,
-4.465000e-05,3.26e+00,
-4.464000e-05,3.26e+00,
-4.463000e-05,3.26e+00,
-4.462000e-05,3.26e+00,
-4.461000e-05,3.26e+00,
-4.460000e-05,3.26e+00,
-4.459000e-05,3.26e+00,
-4.458000e-05,3.26e+00,
-4.457000e-05,3.26e+00,
-4.456000e-05,3.26e+00,
-4.455000e-05,3.26e+00,
-4.454000e-05,3.26e+00,
-4.453000e-05,3.26e+00,
-4.452000e-05,3.26e+00,
-4.451000e-05,3.26e+00,
-4.450000e-05,3.26e+00,
-4.449000e-05,3.26e+00,
-4.448000e-05,3.26e+00,
-4.447000e-05,3.26e+00,
-4.446000e-05,3.26e+00,
-4.445000e-05,3.26e+00,
-4.444000e-05,3.26e+00,
-4.443000e-05,3.26e+00,
-4.442000e-05,3.26e+00,
-4.441000e-05,3.26e+00,
-4.440000e-05,3.26e+00,
-4.439000e-05,3.26e+00,
-4.438000e-05,3.26e+00,
-4.437000e-05,3.26e+00,
-4.436000e-05,3.26e+00,
-4.435000e-05,3.26e+00,
-4.434000e-05,3.26e+00,
-4.433000e-05,3.26e+00,
-4.432000e-05,3.26e+00,
-4.431000e-05,3.26e+00,
-4.430000e-05,3.26e+00,
-4.429000e-05,3.26e+00,
-4.428000e-05,3.26e+00,
-4.427000e-05,3.26e+00,
-4.426000e-05,3.26e+00,
-4.425000e-05,3.26e+00,
-4.424000e-05,3.26e+00,
-4.423000e-05,3.26e+00,
-4.422000e-05,3.26e+00,
-4.421000e-05,3.26e+00,
-4.420000e-05,3.26e+00,
-4.419000e-05,3.26e+00,
-4.418000e-05,3.26e+00,
-4.417000e-05,3.26e+00,
-4.416000e-05,3.26e+00,
-4.415000e-05,3.26e+00,
-4.414000e-05,3.26e+00,
-4.413000e-05,3.26e+00,
-4.412000e-05,3.26e+00,
-4.411000e-05,3.26e+00,
-4.410000e-05,3.26e+00,
-4.409000e-05,3.26e+00,
-4.408000e-05,3.26e+00,
-4.407000e-05,3.26e+00,
-4.406000e-05,3.26e+00,
-4.405000e-05,3.26e+00,
-4.404000e-05,3.26e+00,
-4.403000e-05,3.26e+00,
-4.402000e-05,3.26e+00,
-4.401000e-05,3.26e+00,
-4.400000e-05,3.26e+00,
-4.399000e-05,3.26e+00,
-4.398000e-05,3.26e+00,
-4.397000e-05,3.26e+00,
-4.396000e-05,3.26e+00,
-4.395000e-05,3.26e+00,
-4.394000e-05,3.26e+00,
-4.393000e-05,3.26e+00,
-4.392000e-05,3.26e+00,
-4.391000e-05,3.26e+00,
-4.390000e-05,3.26e+00,
-4.389000e-05,3.26e+00,
-4.388000e-05,3.26e+00,
-4.387000e-05,3.26e+00,
-4.386000e-05,3.26e+00,
-4.385000e-05,3.26e+00,
-4.384000e-05,3.26e+00,
-4.383000e-05,3.26e+00,
-4.382000e-05,3.26e+00,
-4.381000e-05,3.26e+00,
-4.380000e-05,3.26e+00,
-4.379000e-05,3.26e+00,
-4.378000e-05,3.26e+00,
-4.377000e-05,3.26e+00,
-4.376000e-05,3.26e+00,
-4.375000e-05,3.26e+00,
-4.374000e-05,3.26e+00,
-4.373000e-05,3.26e+00,
-4.372000e-05,3.26e+00,
-4.371000e-05,3.26e+00,
-4.370000e-05,3.26e+00,
-4.369000e-05,3.26e+00,
-4.368000e-05,3.26e+00,
-4.367000e-05,3.26e+00,
-4.366000e-05,3.26e+00,
-4.365000e-05,3.26e+00,
-4.364000e-05,3.26e+00,
-4.363000e-05,3.26e+00,
-4.362000e-05,3.26e+00,
-4.361000e-05,3.26e+00,
-4.360000e-05,3.26e+00,
-4.359000e-05,3.26e+00,
-4.358000e-05,3.26e+00,
-4.357000e-05,3.26e+00,
-4.356000e-05,3.26e+00,
-4.355000e-05,3.26e+00,
-4.354000e-05,3.26e+00,
-4.353000e-05,3.26e+00,
-4.352000e-05,3.26e+00,
-4.351000e-05,3.26e+00,
-4.350000e-05,3.26e+00,
-4.349000e-05,3.26e+00,
-4.348000e-05,3.26e+00,
-4.347000e-05,3.26e+00,
-4.346000e-05,3.26e+00,
-4.345000e-05,3.26e+00,
-4.344000e-05,3.26e+00,
-4.343000e-05,3.26e+00,
-4.342000e-05,3.26e+00,
-4.341000e-05,3.26e+00,
-4.340000e-05,3.26e+00,
-4.339000e-05,3.26e+00,
-4.338000e-05,3.26e+00,
-4.337000e-05,3.26e+00,
-4.336000e-05,3.26e+00,
-4.335000e-05,3.26e+00,
-4.334000e-05,3.26e+00,
-4.333000e-05,3.26e+00,
-4.332000e-05,3.26e+00,
-4.331000e-05,3.26e+00,
-4.330000e-05,3.26e+00,
-4.329000e-05,3.26e+00,
-4.328000e-05,3.26e+00,
-4.327000e-05,3.26e+00,
-4.326000e-05,3.26e+00,
-4.325000e-05,3.26e+00,
-4.324000e-05,3.26e+00,
-4.323000e-05,3.26e+00,
-4.322000e-05,3.26e+00,
-4.321000e-05,3.26e+00,
-4.320000e-05,3.26e+00,
-4.319000e-05,3.26e+00,
-4.318000e-05,3.26e+00,
-4.317000e-05,3.26e+00,
-4.316000e-05,3.26e+00,
-4.315000e-05,3.26e+00,
-4.314000e-05,3.26e+00,
-4.313000e-05,3.26e+00,
-4.312000e-05,3.26e+00,
-4.311000e-05,3.26e+00,
-4.310000e-05,3.26e+00,
-4.309000e-05,3.26e+00,
-4.308000e-05,3.26e+00,
-4.307000e-05,3.26e+00,
-4.306000e-05,3.26e+00,
-4.305000e-05,3.26e+00,
-4.304000e-05,3.26e+00,
-4.303000e-05,3.26e+00,
-4.302000e-05,3.26e+00,
-4.301000e-05,3.26e+00,
-4.300000e-05,3.26e+00,
-4.299000e-05,3.26e+00,
-4.298000e-05,3.26e+00,
-4.297000e-05,3.26e+00,
-4.296000e-05,3.26e+00,
-4.295000e-05,3.26e+00,
-4.294000e-05,3.26e+00,
-4.293000e-05,3.26e+00,
-4.292000e-05,3.26e+00,
-4.291000e-05,3.26e+00,
-4.290000e-05,3.26e+00,
-4.289000e-05,3.26e+00,
-4.288000e-05,3.26e+00,
-4.287000e-05,3.26e+00,
-4.286000e-05,3.26e+00,
-4.285000e-05,3.26e+00,
-4.284000e-05,3.26e+00,
-4.283000e-05,3.26e+00,
-4.282000e-05,3.26e+00,
-4.281000e-05,3.26e+00,
-4.280000e-05,3.26e+00,
-4.279000e-05,3.26e+00,
-4.278000e-05,3.26e+00,
-4.277000e-05,3.26e+00,
-4.276000e-05,3.26e+00,
-4.275000e-05,3.26e+00,
-4.274000e-05,3.26e+00,
-4.273000e-05,3.26e+00,
-4.272000e-05,3.26e+00,
-4.271000e-05,3.26e+00,
-4.270000e-05,3.26e+00,
-4.269000e-05,3.26e+00,
-4.268000e-05,3.26e+00,
-4.267000e-05,3.26e+00,
-4.266000e-05,3.26e+00,
-4.265000e-05,3.26e+00,
-4.264000e-05,3.26e+00,
-4.263000e-05,3.26e+00,
-4.262000e-05,3.26e+00,
-4.261000e-05,3.26e+00,
-4.260000e-05,3.26e+00,
-4.259000e-05,3.26e+00,
-4.258000e-05,3.26e+00,
-4.257000e-05,3.26e+00,
-4.256000e-05,3.26e+00,
-4.255000e-05,3.26e+00,
-4.254000e-05,3.26e+00,
-4.253000e-05,3.26e+00,
-4.252000e-05,3.26e+00,
-4.251000e-05,3.26e+00,
-4.250000e-05,3.26e+00,
-4.249000e-05,3.26e+00,
-4.248000e-05,3.26e+00,
-4.247000e-05,3.26e+00,
-4.246000e-05,3.26e+00,
-4.245000e-05,3.26e+00,
-4.244000e-05,3.26e+00,
-4.243000e-05,3.26e+00,
-4.242000e-05,3.26e+00,
-4.241000e-05,3.26e+00,
-4.240000e-05,3.26e+00,
-4.239000e-05,3.26e+00,
-4.238000e-05,3.26e+00,
-4.237000e-05,3.26e+00,
-4.236000e-05,3.26e+00,
-4.235000e-05,3.26e+00,
-4.234000e-05,3.26e+00,
-4.233000e-05,3.26e+00,
-4.232000e-05,3.26e+00,
-4.231000e-05,3.26e+00,
-4.230000e-05,3.26e+00,
-4.229000e-05,3.26e+00,
-4.228000e-05,3.26e+00,
-4.227000e-05,3.26e+00,
-4.226000e-05,3.26e+00,
-4.225000e-05,3.26e+00,
-4.224000e-05,3.26e+00,
-4.223000e-05,3.26e+00,
-4.222000e-05,3.26e+00,
-4.221000e-05,3.26e+00,
-4.220000e-05,3.26e+00,
-4.219000e-05,3.26e+00,
-4.218000e-05,3.26e+00,
-4.217000e-05,3.26e+00,
-4.216000e-05,3.26e+00,
-4.215000e-05,3.26e+00,
-4.214000e-05,3.26e+00,
-4.213000e-05,3.26e+00,
-4.212000e-05,3.26e+00,
-4.211000e-05,3.26e+00,
-4.210000e-05,3.26e+00,
-4.209000e-05,3.26e+00,
-4.208000e-05,3.26e+00,
-4.207000e-05,3.26e+00,
-4.206000e-05,3.26e+00,
-4.205000e-05,3.26e+00,
-4.204000e-05,3.26e+00,
-4.203000e-05,3.26e+00,
-4.202000e-05,3.26e+00,
-4.201000e-05,3.26e+00,
-4.200000e-05,3.26e+00,
-4.199000e-05,3.26e+00,
-4.198000e-05,3.26e+00,
-4.197000e-05,3.26e+00,
-4.196000e-05,3.26e+00,
-4.195000e-05,3.26e+00,
-4.194000e-05,3.26e+00,
-4.193000e-05,3.26e+00,
-4.192000e-05,3.26e+00,
-4.191000e-05,3.26e+00,
-4.190000e-05,3.26e+00,
-4.189000e-05,3.26e+00,
-4.188000e-05,3.26e+00,
-4.187000e-05,3.26e+00,
-4.186000e-05,3.26e+00,
-4.185000e-05,3.26e+00,
-4.184000e-05,3.26e+00,
-4.183000e-05,3.26e+00,
-4.182000e-05,3.26e+00,
-4.181000e-05,3.26e+00,
-4.180000e-05,3.26e+00,
-4.179000e-05,3.26e+00,
-4.178000e-05,3.26e+00,
-4.177000e-05,3.26e+00,
-4.176000e-05,3.26e+00,
-4.175000e-05,3.26e+00,
-4.174000e-05,3.26e+00,
-4.173000e-05,3.26e+00,
-4.172000e-05,3.26e+00,
-4.171000e-05,3.26e+00,
-4.170000e-05,3.26e+00,
-4.169000e-05,3.26e+00,
-4.168000e-05,3.26e+00,
-4.167000e-05,3.26e+00,
-4.166000e-05,3.26e+00,
-4.165000e-05,3.26e+00,
-4.164000e-05,3.26e+00,
-4.163000e-05,3.26e+00,
-4.162000e-05,3.26e+00,
-4.161000e-05,3.26e+00,
-4.160000e-05,3.26e+00,
-4.159000e-05,3.26e+00,
-4.158000e-05,3.26e+00,
-4.157000e-05,3.26e+00,
-4.156000e-05,3.26e+00,
-4.155000e-05,3.26e+00,
-4.154000e-05,3.26e+00,
-4.153000e-05,3.26e+00,
-4.152000e-05,3.26e+00,
-4.151000e-05,3.26e+00,
-4.150000e-05,3.26e+00,
-4.149000e-05,3.26e+00,
-4.148000e-05,3.26e+00,
-4.147000e-05,3.26e+00,
-4.146000e-05,3.26e+00,
-4.145000e-05,3.26e+00,
-4.144000e-05,3.26e+00,
-4.143000e-05,3.26e+00,
-4.142000e-05,3.26e+00,
-4.141000e-05,3.26e+00,
-4.140000e-05,3.26e+00,
-4.139000e-05,3.26e+00,
-4.138000e-05,3.26e+00,
-4.137000e-05,3.26e+00,
-4.136000e-05,3.26e+00,
-4.135000e-05,3.26e+00,
-4.134000e-05,3.26e+00,
-4.133000e-05,3.26e+00,
-4.132000e-05,3.26e+00,
-4.131000e-05,3.26e+00,
-4.130000e-05,3.26e+00,
-4.129000e-05,3.26e+00,
-4.128000e-05,3.26e+00,
-4.127000e-05,3.26e+00,
-4.126000e-05,3.26e+00,
-4.125000e-05,3.26e+00,
-4.124000e-05,3.26e+00,
-4.123000e-05,3.26e+00,
-4.122000e-05,3.26e+00,
-4.121000e-05,3.26e+00,
-4.120000e-05,3.26e+00,
-4.119000e-05,3.26e+00,
-4.118000e-05,3.26e+00,
-4.117000e-05,3.26e+00,
-4.116000e-05,3.26e+00,
-4.115000e-05,3.26e+00,
-4.114000e-05,3.26e+00,
-4.113000e-05,3.26e+00,
-4.112000e-05,3.26e+00,
-4.111000e-05,3.26e+00,
-4.110000e-05,3.26e+00,
-4.109000e-05,3.26e+00,
-4.108000e-05,3.26e+00,
-4.107000e-05,3.26e+00,
-4.106000e-05,3.26e+00,
-4.105000e-05,3.26e+00,
-4.104000e-05,3.26e+00,
-4.103000e-05,3.26e+00,
-4.102000e-05,3.26e+00,
-4.101000e-05,3.26e+00,
-4.100000e-05,3.26e+00,
-4.099000e-05,3.26e+00,
-4.098000e-05,3.26e+00,
-4.097000e-05,3.26e+00,
-4.096000e-05,3.26e+00,
-4.095000e-05,3.26e+00,
-4.094000e-05,3.26e+00,
-4.093000e-05,3.26e+00,
-4.092000e-05,3.26e+00,
-4.091000e-05,3.26e+00,
-4.090000e-05,3.26e+00,
-4.089000e-05,3.26e+00,
-4.088000e-05,3.26e+00,
-4.087000e-05,3.26e+00,
-4.086000e-05,3.26e+00,
-4.085000e-05,3.26e+00,
-4.084000e-05,3.26e+00,
-4.083000e-05,3.26e+00,
-4.082000e-05,3.26e+00,
-4.081000e-05,3.26e+00,
-4.080000e-05,3.26e+00,
-4.079000e-05,3.26e+00,
-4.078000e-05,3.26e+00,
-4.077000e-05,3.26e+00,
-4.076000e-05,3.26e+00,
-4.075000e-05,3.26e+00,
-4.074000e-05,3.26e+00,
-4.073000e-05,3.26e+00,
-4.072000e-05,3.26e+00,
-4.071000e-05,3.26e+00,
-4.070000e-05,3.26e+00,
-4.069000e-05,3.26e+00,
-4.068000e-05,3.26e+00,
-4.067000e-05,3.26e+00,
-4.066000e-05,3.26e+00,
-4.065000e-05,3.26e+00,
-4.064000e-05,3.26e+00,
-4.063000e-05,3.26e+00,
-4.062000e-05,3.26e+00,
-4.061000e-05,3.26e+00,
-4.060000e-05,3.26e+00,
-4.059000e-05,3.26e+00,
-4.058000e-05,3.26e+00,
-4.057000e-05,3.26e+00,
-4.056000e-05,3.26e+00,
-4.055000e-05,3.26e+00,
-4.054000e-05,3.26e+00,
-4.053000e-05,3.26e+00,
-4.052000e-05,3.26e+00,
-4.051000e-05,3.26e+00,
-4.050000e-05,3.26e+00,
-4.049000e-05,3.26e+00,
-4.048000e-05,3.26e+00,
-4.047000e-05,3.26e+00,
-4.046000e-05,3.26e+00,
-4.045000e-05,3.26e+00,
-4.044000e-05,3.26e+00,
-4.043000e-05,3.26e+00,
-4.042000e-05,3.26e+00,
-4.041000e-05,3.26e+00,
-4.040000e-05,3.26e+00,
-4.039000e-05,3.26e+00,
-4.038000e-05,3.26e+00,
-4.037000e-05,3.26e+00,
-4.036000e-05,3.26e+00,
-4.035000e-05,3.26e+00,
-4.034000e-05,3.26e+00,
-4.033000e-05,3.26e+00,
-4.032000e-05,3.26e+00,
-4.031000e-05,3.26e+00,
-4.030000e-05,3.26e+00,
-4.029000e-05,3.26e+00,
-4.028000e-05,3.26e+00,
-4.027000e-05,3.26e+00,
-4.026000e-05,3.26e+00,
-4.025000e-05,3.26e+00,
-4.024000e-05,3.26e+00,
-4.023000e-05,3.26e+00,
-4.022000e-05,3.26e+00,
-4.021000e-05,3.26e+00,
-4.020000e-05,3.26e+00,
-4.019000e-05,3.26e+00,
-4.018000e-05,3.26e+00,
-4.017000e-05,3.26e+00,
-4.016000e-05,3.26e+00,
-4.015000e-05,3.26e+00,
-4.014000e-05,3.26e+00,
-4.013000e-05,3.26e+00,
-4.012000e-05,3.26e+00,
-4.011000e-05,3.26e+00,
-4.010000e-05,3.26e+00,
-4.009000e-05,3.26e+00,
-4.008000e-05,3.26e+00,
-4.007000e-05,3.26e+00,
-4.006000e-05,3.26e+00,
-4.005000e-05,3.26e+00,
-4.004000e-05,3.26e+00,
-4.003000e-05,3.26e+00,
-4.002000e-05,3.26e+00,
-4.001000e-05,3.26e+00,
-4.000000e-05,3.26e+00,
-3.999000e-05,3.26e+00,
-3.998000e-05,3.26e+00,
-3.997000e-05,3.26e+00,
-3.996000e-05,3.26e+00,
-3.995000e-05,3.26e+00,
-3.994000e-05,3.26e+00,
-3.993000e-05,3.26e+00,
-3.992000e-05,3.26e+00,
-3.991000e-05,3.26e+00,
-3.990000e-05,3.26e+00,
-3.989000e-05,3.26e+00,
-3.988000e-05,3.26e+00,
-3.987000e-05,3.26e+00,
-3.986000e-05,3.26e+00,
-3.985000e-05,3.26e+00,
-3.984000e-05,3.26e+00,
-3.983000e-05,3.26e+00,
-3.982000e-05,3.26e+00,
-3.981000e-05,3.26e+00,
-3.980000e-05,3.26e+00,
-3.979000e-05,3.26e+00,
-3.978000e-05,3.26e+00,
-3.977000e-05,3.26e+00,
-3.976000e-05,3.26e+00,
-3.975000e-05,3.26e+00,
-3.974000e-05,3.26e+00,
-3.973000e-05,3.26e+00,
-3.972000e-05,3.26e+00,
-3.971000e-05,3.26e+00,
-3.970000e-05,3.26e+00,
-3.969000e-05,3.26e+00,
-3.968000e-05,3.26e+00,
-3.967000e-05,3.26e+00,
-3.966000e-05,3.26e+00,
-3.965000e-05,3.26e+00,
-3.964000e-05,3.26e+00,
-3.963000e-05,3.26e+00,
-3.962000e-05,3.26e+00,
-3.961000e-05,3.26e+00,
-3.960000e-05,3.26e+00,
-3.959000e-05,3.26e+00,
-3.958000e-05,3.26e+00,
-3.957000e-05,3.26e+00,
-3.956000e-05,3.26e+00,
-3.955000e-05,3.26e+00,
-3.954000e-05,3.26e+00,
-3.953000e-05,3.26e+00,
-3.952000e-05,3.26e+00,
-3.951000e-05,3.26e+00,
-3.950000e-05,3.26e+00,
-3.949000e-05,3.26e+00,
-3.948000e-05,3.26e+00,
-3.947000e-05,3.26e+00,
-3.946000e-05,3.26e+00,
-3.945000e-05,3.26e+00,
-3.944000e-05,3.26e+00,
-3.943000e-05,3.26e+00,
-3.942000e-05,3.26e+00,
-3.941000e-05,3.26e+00,
-3.940000e-05,3.26e+00,
-3.939000e-05,3.26e+00,
-3.938000e-05,3.26e+00,
-3.937000e-05,3.26e+00,
-3.936000e-05,3.26e+00,
-3.935000e-05,3.26e+00,
-3.934000e-05,3.26e+00,
-3.933000e-05,3.26e+00,
-3.932000e-05,3.26e+00,
-3.931000e-05,3.26e+00,
-3.930000e-05,3.26e+00,
-3.929000e-05,3.26e+00,
-3.928000e-05,3.26e+00,
-3.927000e-05,3.26e+00,
-3.926000e-05,3.26e+00,
-3.925000e-05,3.26e+00,
-3.924000e-05,3.26e+00,
-3.923000e-05,3.26e+00,
-3.922000e-05,3.26e+00,
-3.921000e-05,3.26e+00,
-3.920000e-05,3.26e+00,
-3.919000e-05,3.26e+00,
-3.918000e-05,3.26e+00,
-3.917000e-05,3.26e+00,
-3.916000e-05,3.26e+00,
-3.915000e-05,3.26e+00,
-3.914000e-05,3.26e+00,
-3.913000e-05,3.26e+00,
-3.912000e-05,3.26e+00,
-3.911000e-05,3.26e+00,
-3.910000e-05,3.26e+00,
-3.909000e-05,3.26e+00,
-3.908000e-05,3.26e+00,
-3.907000e-05,3.26e+00,
-3.906000e-05,3.26e+00,
-3.905000e-05,3.26e+00,
-3.904000e-05,3.26e+00,
-3.903000e-05,3.26e+00,
-3.902000e-05,3.26e+00,
-3.901000e-05,3.26e+00,
-3.900000e-05,3.26e+00,
-3.899000e-05,3.26e+00,
-3.898000e-05,3.26e+00,
-3.897000e-05,3.26e+00,
-3.896000e-05,3.26e+00,
-3.895000e-05,3.26e+00,
-3.894000e-05,3.26e+00,
-3.893000e-05,3.26e+00,
-3.892000e-05,3.26e+00,
-3.891000e-05,3.26e+00,
-3.890000e-05,3.26e+00,
-3.889000e-05,3.26e+00,
-3.888000e-05,3.26e+00,
-3.887000e-05,3.26e+00,
-3.886000e-05,3.26e+00,
-3.885000e-05,3.26e+00,
-3.884000e-05,3.26e+00,
-3.883000e-05,3.26e+00,
-3.882000e-05,3.26e+00,
-3.881000e-05,3.26e+00,
-3.880000e-05,3.26e+00,
-3.879000e-05,3.26e+00,
-3.878000e-05,3.26e+00,
-3.877000e-05,3.26e+00,
-3.876000e-05,3.26e+00,
-3.875000e-05,3.26e+00,
-3.874000e-05,3.26e+00,
-3.873000e-05,3.26e+00,
-3.872000e-05,3.26e+00,
-3.871000e-05,3.26e+00,
-3.870000e-05,3.26e+00,
-3.869000e-05,3.26e+00,
-3.868000e-05,3.26e+00,
-3.867000e-05,3.26e+00,
-3.866000e-05,3.26e+00,
-3.865000e-05,3.26e+00,
-3.864000e-05,3.26e+00,
-3.863000e-05,3.26e+00,
-3.862000e-05,3.26e+00,
-3.861000e-05,3.26e+00,
-3.860000e-05,3.26e+00,
-3.859000e-05,3.26e+00,
-3.858000e-05,3.26e+00,
-3.857000e-05,3.26e+00,
-3.856000e-05,3.26e+00,
-3.855000e-05,3.26e+00,
-3.854000e-05,3.26e+00,
-3.853000e-05,3.26e+00,
-3.852000e-05,3.26e+00,
-3.851000e-05,3.26e+00,
-3.850000e-05,3.26e+00,
-3.849000e-05,3.26e+00,
-3.848000e-05,3.26e+00,
-3.847000e-05,3.26e+00,
-3.846000e-05,3.26e+00,
-3.845000e-05,3.26e+00,
-3.844000e-05,3.26e+00,
-3.843000e-05,3.26e+00,
-3.842000e-05,3.26e+00,
-3.841000e-05,3.26e+00,
-3.840000e-05,3.26e+00,
-3.839000e-05,3.26e+00,
-3.838000e-05,3.26e+00,
-3.837000e-05,3.26e+00,
-3.836000e-05,3.26e+00,
-3.835000e-05,3.26e+00,
-3.834000e-05,3.26e+00,
-3.833000e-05,3.26e+00,
-3.832000e-05,3.26e+00,
-3.831000e-05,3.26e+00,
-3.830000e-05,3.26e+00,
-3.829000e-05,3.26e+00,
-3.828000e-05,3.26e+00,
-3.827000e-05,3.26e+00,
-3.826000e-05,3.26e+00,
-3.825000e-05,3.26e+00,
-3.824000e-05,3.26e+00,
-3.823000e-05,3.26e+00,
-3.822000e-05,3.26e+00,
-3.821000e-05,3.26e+00,
-3.820000e-05,3.26e+00,
-3.819000e-05,3.26e+00,
-3.818000e-05,3.26e+00,
-3.817000e-05,3.26e+00,
-3.816000e-05,3.26e+00,
-3.815000e-05,3.26e+00,
-3.814000e-05,3.26e+00,
-3.813000e-05,3.26e+00,
-3.812000e-05,3.26e+00,
-3.811000e-05,3.26e+00,
-3.810000e-05,3.26e+00,
-3.809000e-05,3.26e+00,
-3.808000e-05,3.26e+00,
-3.807000e-05,3.26e+00,
-3.806000e-05,3.26e+00,
-3.805000e-05,3.26e+00,
-3.804000e-05,3.26e+00,
-3.803000e-05,3.26e+00,
-3.802000e-05,3.26e+00,
-3.801000e-05,3.26e+00,
-3.800000e-05,3.26e+00,
-3.799000e-05,3.26e+00,
-3.798000e-05,3.26e+00,
-3.797000e-05,3.26e+00,
-3.796000e-05,3.26e+00,
-3.795000e-05,3.26e+00,
-3.794000e-05,3.26e+00,
-3.793000e-05,3.26e+00,
-3.792000e-05,3.26e+00,
-3.791000e-05,3.26e+00,
-3.790000e-05,3.26e+00,
-3.789000e-05,3.26e+00,
-3.788000e-05,3.26e+00,
-3.787000e-05,3.26e+00,
-3.786000e-05,3.26e+00,
-3.785000e-05,3.26e+00,
-3.784000e-05,3.26e+00,
-3.783000e-05,3.26e+00,
-3.782000e-05,3.26e+00,
-3.781000e-05,3.26e+00,
-3.780000e-05,3.26e+00,
-3.779000e-05,3.26e+00,
-3.778000e-05,3.26e+00,
-3.777000e-05,3.26e+00,
-3.776000e-05,3.26e+00,
-3.775000e-05,3.26e+00,
-3.774000e-05,3.26e+00,
-3.773000e-05,3.26e+00,
-3.772000e-05,3.26e+00,
-3.771000e-05,3.26e+00,
-3.770000e-05,3.26e+00,
-3.769000e-05,3.26e+00,
-3.768000e-05,3.26e+00,
-3.767000e-05,3.26e+00,
-3.766000e-05,3.26e+00,
-3.765000e-05,3.26e+00,
-3.764000e-05,3.26e+00,
-3.763000e-05,3.26e+00,
-3.762000e-05,3.26e+00,
-3.761000e-05,3.26e+00,
-3.760000e-05,3.26e+00,
-3.759000e-05,3.26e+00,
-3.758000e-05,3.26e+00,
-3.757000e-05,3.26e+00,
-3.756000e-05,3.26e+00,
-3.755000e-05,3.26e+00,
-3.754000e-05,3.26e+00,
-3.753000e-05,3.26e+00,
-3.752000e-05,3.26e+00,
-3.751000e-05,3.26e+00,
-3.750000e-05,3.26e+00,
-3.749000e-05,3.26e+00,
-3.748000e-05,3.26e+00,
-3.747000e-05,3.26e+00,
-3.746000e-05,3.26e+00,
-3.745000e-05,3.26e+00,
-3.744000e-05,3.26e+00,
-3.743000e-05,3.26e+00,
-3.742000e-05,3.26e+00,
-3.741000e-05,3.26e+00,
-3.740000e-05,3.26e+00,
-3.739000e-05,3.26e+00,
-3.738000e-05,3.26e+00,
-3.737000e-05,3.26e+00,
-3.736000e-05,3.26e+00,
-3.735000e-05,3.26e+00,
-3.734000e-05,3.26e+00,
-3.733000e-05,3.26e+00,
-3.732000e-05,3.26e+00,
-3.731000e-05,3.26e+00,
-3.730000e-05,3.26e+00,
-3.729000e-05,3.26e+00,
-3.728000e-05,3.26e+00,
-3.727000e-05,3.26e+00,
-3.726000e-05,3.26e+00,
-3.725000e-05,3.26e+00,
-3.724000e-05,3.26e+00,
-3.723000e-05,3.26e+00,
-3.722000e-05,3.26e+00,
-3.721000e-05,3.26e+00,
-3.720000e-05,3.26e+00,
-3.719000e-05,3.26e+00,
-3.718000e-05,3.26e+00,
-3.717000e-05,3.26e+00,
-3.716000e-05,3.26e+00,
-3.715000e-05,3.26e+00,
-3.714000e-05,3.26e+00,
-3.713000e-05,3.26e+00,
-3.712000e-05,3.26e+00,
-3.711000e-05,3.26e+00,
-3.710000e-05,3.26e+00,
-3.709000e-05,3.26e+00,
-3.708000e-05,3.26e+00,
-3.707000e-05,3.26e+00,
-3.706000e-05,3.26e+00,
-3.705000e-05,3.26e+00,
-3.704000e-05,3.26e+00,
-3.703000e-05,3.26e+00,
-3.702000e-05,3.26e+00,
-3.701000e-05,3.26e+00,
-3.700000e-05,3.26e+00,
-3.699000e-05,3.26e+00,
-3.698000e-05,3.26e+00,
-3.697000e-05,3.26e+00,
-3.696000e-05,3.26e+00,
-3.695000e-05,3.26e+00,
-3.694000e-05,3.26e+00,
-3.693000e-05,3.26e+00,
-3.692000e-05,3.26e+00,
-3.691000e-05,3.26e+00,
-3.690000e-05,3.26e+00,
-3.689000e-05,3.26e+00,
-3.688000e-05,3.26e+00,
-3.687000e-05,3.26e+00,
-3.686000e-05,3.26e+00,
-3.685000e-05,3.26e+00,
-3.684000e-05,3.26e+00,
-3.683000e-05,3.26e+00,
-3.682000e-05,3.26e+00,
-3.681000e-05,3.26e+00,
-3.680000e-05,3.26e+00,
-3.679000e-05,3.26e+00,
-3.678000e-05,3.26e+00,
-3.677000e-05,3.26e+00,
-3.676000e-05,3.26e+00,
-3.675000e-05,3.26e+00,
-3.674000e-05,3.26e+00,
-3.673000e-05,3.26e+00,
-3.672000e-05,3.26e+00,
-3.671000e-05,3.26e+00,
-3.670000e-05,3.26e+00,
-3.669000e-05,3.26e+00,
-3.668000e-05,3.26e+00,
-3.667000e-05,3.26e+00,
-3.666000e-05,3.26e+00,
-3.665000e-05,3.26e+00,
-3.664000e-05,3.26e+00,
-3.663000e-05,3.26e+00,
-3.662000e-05,3.26e+00,
-3.661000e-05,3.26e+00,
-3.660000e-05,3.26e+00,
-3.659000e-05,3.26e+00,
-3.658000e-05,3.26e+00,
-3.657000e-05,3.26e+00,
-3.656000e-05,3.26e+00,
-3.655000e-05,3.26e+00,
-3.654000e-05,3.26e+00,
-3.653000e-05,3.26e+00,
-3.652000e-05,3.26e+00,
-3.651000e-05,3.26e+00,
-3.650000e-05,3.26e+00,
-3.649000e-05,3.26e+00,
-3.648000e-05,3.26e+00,
-3.647000e-05,3.26e+00,
-3.646000e-05,3.26e+00,
-3.645000e-05,3.26e+00,
-3.644000e-05,3.26e+00,
-3.643000e-05,3.26e+00,
-3.642000e-05,3.26e+00,
-3.641000e-05,3.26e+00,
-3.640000e-05,3.26e+00,
-3.639000e-05,3.26e+00,
-3.638000e-05,3.26e+00,
-3.637000e-05,3.26e+00,
-3.636000e-05,3.26e+00,
-3.635000e-05,3.26e+00,
-3.634000e-05,3.26e+00,
-3.633000e-05,3.26e+00,
-3.632000e-05,3.26e+00,
-3.631000e-05,3.26e+00,
-3.630000e-05,3.26e+00,
-3.629000e-05,3.26e+00,
-3.628000e-05,3.26e+00,
-3.627000e-05,3.26e+00,
-3.626000e-05,3.26e+00,
-3.625000e-05,3.26e+00,
-3.624000e-05,3.26e+00,
-3.623000e-05,3.26e+00,
-3.622000e-05,3.26e+00,
-3.621000e-05,3.26e+00,
-3.620000e-05,3.26e+00,
-3.619000e-05,3.26e+00,
-3.618000e-05,3.26e+00,
-3.617000e-05,3.26e+00,
-3.616000e-05,3.26e+00,
-3.615000e-05,3.26e+00,
-3.614000e-05,3.26e+00,
-3.613000e-05,3.26e+00,
-3.612000e-05,3.26e+00,
-3.611000e-05,3.26e+00,
-3.610000e-05,3.26e+00,
-3.609000e-05,3.26e+00,
-3.608000e-05,3.26e+00,
-3.607000e-05,3.26e+00,
-3.606000e-05,3.26e+00,
-3.605000e-05,3.26e+00,
-3.604000e-05,3.26e+00,
-3.603000e-05,3.26e+00,
-3.602000e-05,3.26e+00,
-3.601000e-05,3.26e+00,
-3.600000e-05,3.26e+00,
-3.599000e-05,3.26e+00,
-3.598000e-05,3.26e+00,
-3.597000e-05,3.26e+00,
-3.596000e-05,3.26e+00,
-3.595000e-05,3.26e+00,
-3.594000e-05,3.26e+00,
-3.593000e-05,3.26e+00,
-3.592000e-05,3.26e+00,
-3.591000e-05,3.26e+00,
-3.590000e-05,3.26e+00,
-3.589000e-05,3.26e+00,
-3.588000e-05,3.26e+00,
-3.587000e-05,3.26e+00,
-3.586000e-05,3.26e+00,
-3.585000e-05,3.26e+00,
-3.584000e-05,3.26e+00,
-3.583000e-05,3.26e+00,
-3.582000e-05,3.26e+00,
-3.581000e-05,3.26e+00,
-3.580000e-05,3.26e+00,
-3.579000e-05,3.26e+00,
-3.578000e-05,3.26e+00,
-3.577000e-05,3.26e+00,
-3.576000e-05,3.26e+00,
-3.575000e-05,3.26e+00,
-3.574000e-05,3.26e+00,
-3.573000e-05,3.26e+00,
-3.572000e-05,3.26e+00,
-3.571000e-05,3.26e+00,
-3.570000e-05,3.26e+00,
-3.569000e-05,3.26e+00,
-3.568000e-05,3.26e+00,
-3.567000e-05,3.26e+00,
-3.566000e-05,3.26e+00,
-3.565000e-05,3.26e+00,
-3.564000e-05,3.26e+00,
-3.563000e-05,3.26e+00,
-3.562000e-05,3.26e+00,
-3.561000e-05,3.26e+00,
-3.560000e-05,3.26e+00,
-3.559000e-05,3.26e+00,
-3.558000e-05,3.26e+00,
-3.557000e-05,3.26e+00,
-3.556000e-05,3.26e+00,
-3.555000e-05,3.26e+00,
-3.554000e-05,3.26e+00,
-3.553000e-05,3.26e+00,
-3.552000e-05,3.26e+00,
-3.551000e-05,3.26e+00,
-3.550000e-05,3.26e+00,
-3.549000e-05,3.26e+00,
-3.548000e-05,3.26e+00,
-3.547000e-05,3.26e+00,
-3.546000e-05,3.26e+00,
-3.545000e-05,3.26e+00,
-3.544000e-05,3.26e+00,
-3.543000e-05,3.26e+00,
-3.542000e-05,3.26e+00,
-3.541000e-05,3.26e+00,
-3.540000e-05,3.26e+00,
-3.539000e-05,3.26e+00,
-3.538000e-05,3.26e+00,
-3.537000e-05,3.26e+00,
-3.536000e-05,3.26e+00,
-3.535000e-05,3.26e+00,
-3.534000e-05,3.26e+00,
-3.533000e-05,3.26e+00,
-3.532000e-05,3.26e+00,
-3.531000e-05,3.26e+00,
-3.530000e-05,3.26e+00,
-3.529000e-05,3.26e+00,
-3.528000e-05,3.26e+00,
-3.527000e-05,3.26e+00,
-3.526000e-05,3.26e+00,
-3.525000e-05,3.26e+00,
-3.524000e-05,3.26e+00,
-3.523000e-05,3.26e+00,
-3.522000e-05,3.26e+00,
-3.521000e-05,3.26e+00,
-3.520000e-05,3.26e+00,
-3.519000e-05,3.26e+00,
-3.518000e-05,3.26e+00,
-3.517000e-05,3.26e+00,
-3.516000e-05,3.26e+00,
-3.515000e-05,3.26e+00,
-3.514000e-05,3.26e+00,
-3.513000e-05,3.26e+00,
-3.512000e-05,3.26e+00,
-3.511000e-05,3.26e+00,
-3.510000e-05,3.26e+00,
-3.509000e-05,3.26e+00,
-3.508000e-05,3.26e+00,
-3.507000e-05,3.26e+00,
-3.506000e-05,3.26e+00,
-3.505000e-05,3.26e+00,
-3.504000e-05,3.26e+00,
-3.503000e-05,3.26e+00,
-3.502000e-05,3.26e+00,
-3.501000e-05,3.26e+00,
-3.500000e-05,3.26e+00,
-3.499000e-05,3.26e+00,
-3.498000e-05,3.26e+00,
-3.497000e-05,3.26e+00,
-3.496000e-05,3.26e+00,
-3.495000e-05,3.26e+00,
-3.494000e-05,3.26e+00,
-3.493000e-05,3.26e+00,
-3.492000e-05,3.26e+00,
-3.491000e-05,3.26e+00,
-3.490000e-05,3.26e+00,
-3.489000e-05,3.26e+00,
-3.488000e-05,3.26e+00,
-3.487000e-05,3.26e+00,
-3.486000e-05,3.26e+00,
-3.485000e-05,3.26e+00,
-3.484000e-05,3.26e+00,
-3.483000e-05,3.26e+00,
-3.482000e-05,3.26e+00,
-3.481000e-05,3.26e+00,
-3.480000e-05,3.26e+00,
-3.479000e-05,3.26e+00,
-3.478000e-05,3.26e+00,
-3.477000e-05,3.26e+00,
-3.476000e-05,3.26e+00,
-3.475000e-05,3.26e+00,
-3.474000e-05,3.26e+00,
-3.473000e-05,3.26e+00,
-3.472000e-05,3.26e+00,
-3.471000e-05,3.26e+00,
-3.470000e-05,3.26e+00,
-3.469000e-05,3.26e+00,
-3.468000e-05,3.26e+00,
-3.467000e-05,3.26e+00,
-3.466000e-05,3.26e+00,
-3.465000e-05,3.26e+00,
-3.464000e-05,3.26e+00,
-3.463000e-05,3.26e+00,
-3.462000e-05,3.26e+00,
-3.461000e-05,3.26e+00,
-3.460000e-05,3.26e+00,
-3.459000e-05,3.26e+00,
-3.458000e-05,3.26e+00,
-3.457000e-05,3.26e+00,
-3.456000e-05,3.26e+00,
-3.455000e-05,3.26e+00,
-3.454000e-05,3.26e+00,
-3.453000e-05,3.26e+00,
-3.452000e-05,3.26e+00,
-3.451000e-05,3.26e+00,
-3.450000e-05,3.26e+00,
-3.449000e-05,3.26e+00,
-3.448000e-05,3.26e+00,
-3.447000e-05,3.26e+00,
-3.446000e-05,3.26e+00,
-3.445000e-05,3.26e+00,
-3.444000e-05,3.26e+00,
-3.443000e-05,3.26e+00,
-3.442000e-05,3.26e+00,
-3.441000e-05,3.26e+00,
-3.440000e-05,3.26e+00,
-3.439000e-05,3.26e+00,
-3.438000e-05,3.26e+00,
-3.437000e-05,3.26e+00,
-3.436000e-05,3.26e+00,
-3.435000e-05,3.26e+00,
-3.434000e-05,3.26e+00,
-3.433000e-05,3.26e+00,
-3.432000e-05,3.26e+00,
-3.431000e-05,3.26e+00,
-3.430000e-05,3.26e+00,
-3.429000e-05,3.26e+00,
-3.428000e-05,3.26e+00,
-3.427000e-05,3.26e+00,
-3.426000e-05,3.26e+00,
-3.425000e-05,3.26e+00,
-3.424000e-05,3.26e+00,
-3.423000e-05,3.26e+00,
-3.422000e-05,3.26e+00,
-3.421000e-05,3.26e+00,
-3.420000e-05,3.26e+00,
-3.419000e-05,3.26e+00,
-3.418000e-05,3.26e+00,
-3.417000e-05,3.26e+00,
-3.416000e-05,3.26e+00,
-3.415000e-05,3.26e+00,
-3.414000e-05,3.26e+00,
-3.413000e-05,3.26e+00,
-3.412000e-05,3.26e+00,
-3.411000e-05,3.26e+00,
-3.410000e-05,3.26e+00,
-3.409000e-05,3.26e+00,
-3.408000e-05,3.26e+00,
-3.407000e-05,3.26e+00,
-3.406000e-05,3.26e+00,
-3.405000e-05,3.26e+00,
-3.404000e-05,3.26e+00,
-3.403000e-05,3.26e+00,
-3.402000e-05,3.26e+00,
-3.401000e-05,3.26e+00,
-3.400000e-05,3.26e+00,
-3.399000e-05,3.26e+00,
-3.398000e-05,3.26e+00,
-3.397000e-05,3.26e+00,
-3.396000e-05,3.26e+00,
-3.395000e-05,3.26e+00,
-3.394000e-05,3.26e+00,
-3.393000e-05,3.26e+00,
-3.392000e-05,3.26e+00,
-3.391000e-05,3.26e+00,
-3.390000e-05,3.26e+00,
-3.389000e-05,3.26e+00,
-3.388000e-05,3.26e+00,
-3.387000e-05,3.26e+00,
-3.386000e-05,3.26e+00,
-3.385000e-05,3.26e+00,
-3.384000e-05,3.26e+00,
-3.383000e-05,3.26e+00,
-3.382000e-05,3.26e+00,
-3.381000e-05,3.26e+00,
-3.380000e-05,3.26e+00,
-3.379000e-05,3.26e+00,
-3.378000e-05,3.26e+00,
-3.377000e-05,3.26e+00,
-3.376000e-05,3.26e+00,
-3.375000e-05,3.26e+00,
-3.374000e-05,3.26e+00,
-3.373000e-05,3.26e+00,
-3.372000e-05,3.26e+00,
-3.371000e-05,3.26e+00,
-3.370000e-05,3.26e+00,
-3.369000e-05,3.26e+00,
-3.368000e-05,3.26e+00,
-3.367000e-05,3.26e+00,
-3.366000e-05,3.26e+00,
-3.365000e-05,3.26e+00,
-3.364000e-05,3.26e+00,
-3.363000e-05,3.26e+00,
-3.362000e-05,3.26e+00,
-3.361000e-05,3.26e+00,
-3.360000e-05,3.26e+00,
-3.359000e-05,3.26e+00,
-3.358000e-05,3.26e+00,
-3.357000e-05,3.26e+00,
-3.356000e-05,3.26e+00,
-3.355000e-05,3.26e+00,
-3.354000e-05,3.26e+00,
-3.353000e-05,3.26e+00,
-3.352000e-05,3.26e+00,
-3.351000e-05,3.26e+00,
-3.350000e-05,3.26e+00,
-3.349000e-05,3.26e+00,
-3.348000e-05,3.26e+00,
-3.347000e-05,3.26e+00,
-3.346000e-05,3.26e+00,
-3.345000e-05,3.26e+00,
-3.344000e-05,3.26e+00,
-3.343000e-05,3.26e+00,
-3.342000e-05,3.26e+00,
-3.341000e-05,3.26e+00,
-3.340000e-05,3.26e+00,
-3.339000e-05,3.26e+00,
-3.338000e-05,3.26e+00,
-3.337000e-05,3.26e+00,
-3.336000e-05,3.26e+00,
-3.335000e-05,3.26e+00,
-3.334000e-05,3.26e+00,
-3.333000e-05,3.26e+00,
-3.332000e-05,3.26e+00,
-3.331000e-05,3.26e+00,
-3.330000e-05,3.26e+00,
-3.329000e-05,3.26e+00,
-3.328000e-05,3.26e+00,
-3.327000e-05,3.26e+00,
-3.326000e-05,3.26e+00,
-3.325000e-05,3.26e+00,
-3.324000e-05,3.26e+00,
-3.323000e-05,3.26e+00,
-3.322000e-05,3.26e+00,
-3.321000e-05,3.26e+00,
-3.320000e-05,3.26e+00,
-3.319000e-05,3.26e+00,
-3.318000e-05,3.26e+00,
-3.317000e-05,3.26e+00,
-3.316000e-05,3.26e+00,
-3.315000e-05,3.26e+00,
-3.314000e-05,3.26e+00,
-3.313000e-05,3.26e+00,
-3.312000e-05,3.26e+00,
-3.311000e-05,3.26e+00,
-3.310000e-05,3.26e+00,
-3.309000e-05,3.26e+00,
-3.308000e-05,3.26e+00,
-3.307000e-05,3.26e+00,
-3.306000e-05,3.26e+00,
-3.305000e-05,3.26e+00,
-3.304000e-05,3.26e+00,
-3.303000e-05,3.26e+00,
-3.302000e-05,3.26e+00,
-3.301000e-05,3.26e+00,
-3.300000e-05,3.26e+00,
-3.299000e-05,3.26e+00,
-3.298000e-05,3.26e+00,
-3.297000e-05,3.26e+00,
-3.296000e-05,3.26e+00,
-3.295000e-05,3.26e+00,
-3.294000e-05,3.26e+00,
-3.293000e-05,3.26e+00,
-3.292000e-05,3.26e+00,
-3.291000e-05,3.26e+00,
-3.290000e-05,3.26e+00,
-3.289000e-05,3.26e+00,
-3.288000e-05,3.26e+00,
-3.287000e-05,3.26e+00,
-3.286000e-05,3.26e+00,
-3.285000e-05,3.26e+00,
-3.284000e-05,3.26e+00,
-3.283000e-05,3.26e+00,
-3.282000e-05,3.26e+00,
-3.281000e-05,3.26e+00,
-3.280000e-05,3.26e+00,
-3.279000e-05,3.26e+00,
-3.278000e-05,3.26e+00,
-3.277000e-05,3.26e+00,
-3.276000e-05,3.26e+00,
-3.275000e-05,3.26e+00,
-3.274000e-05,3.26e+00,
-3.273000e-05,3.26e+00,
-3.272000e-05,3.26e+00,
-3.271000e-05,3.26e+00,
-3.270000e-05,3.26e+00,
-3.269000e-05,3.26e+00,
-3.268000e-05,3.26e+00,
-3.267000e-05,3.26e+00,
-3.266000e-05,3.26e+00,
-3.265000e-05,3.26e+00,
-3.264000e-05,3.26e+00,
-3.263000e-05,3.26e+00,
-3.262000e-05,3.26e+00,
-3.261000e-05,3.26e+00,
-3.260000e-05,3.26e+00,
-3.259000e-05,3.26e+00,
-3.258000e-05,3.26e+00,
-3.257000e-05,3.26e+00,
-3.256000e-05,3.26e+00,
-3.255000e-05,3.26e+00,
-3.254000e-05,3.26e+00,
-3.253000e-05,3.26e+00,
-3.252000e-05,3.26e+00,
-3.251000e-05,3.26e+00,
-3.250000e-05,3.26e+00,
-3.249000e-05,3.26e+00,
-3.248000e-05,3.26e+00,
-3.247000e-05,3.26e+00,
-3.246000e-05,3.26e+00,
-3.245000e-05,3.26e+00,
-3.244000e-05,3.26e+00,
-3.243000e-05,3.26e+00,
-3.242000e-05,3.26e+00,
-3.241000e-05,3.26e+00,
-3.240000e-05,3.26e+00,
-3.239000e-05,3.26e+00,
-3.238000e-05,3.26e+00,
-3.237000e-05,3.26e+00,
-3.236000e-05,3.26e+00,
-3.235000e-05,3.26e+00,
-3.234000e-05,3.26e+00,
-3.233000e-05,3.26e+00,
-3.232000e-05,3.26e+00,
-3.231000e-05,3.26e+00,
-3.230000e-05,3.26e+00,
-3.229000e-05,3.26e+00,
-3.228000e-05,3.26e+00,
-3.227000e-05,3.26e+00,
-3.226000e-05,3.26e+00,
-3.225000e-05,3.26e+00,
-3.224000e-05,3.26e+00,
-3.223000e-05,3.26e+00,
-3.222000e-05,3.26e+00,
-3.221000e-05,3.26e+00,
-3.220000e-05,3.26e+00,
-3.219000e-05,3.26e+00,
-3.218000e-05,3.26e+00,
-3.217000e-05,3.26e+00,
-3.216000e-05,3.26e+00,
-3.215000e-05,3.26e+00,
-3.214000e-05,3.26e+00,
-3.213000e-05,3.26e+00,
-3.212000e-05,3.26e+00,
-3.211000e-05,3.26e+00,
-3.210000e-05,3.26e+00,
-3.209000e-05,3.26e+00,
-3.208000e-05,3.26e+00,
-3.207000e-05,3.26e+00,
-3.206000e-05,3.26e+00,
-3.205000e-05,3.26e+00,
-3.204000e-05,3.26e+00,
-3.203000e-05,3.26e+00,
-3.202000e-05,3.26e+00,
-3.201000e-05,3.26e+00,
-3.200000e-05,3.26e+00,
-3.199000e-05,3.26e+00,
-3.198000e-05,3.26e+00,
-3.197000e-05,3.26e+00,
-3.196000e-05,3.26e+00,
-3.195000e-05,3.26e+00,
-3.194000e-05,3.26e+00,
-3.193000e-05,3.26e+00,
-3.192000e-05,3.26e+00,
-3.191000e-05,3.26e+00,
-3.190000e-05,3.26e+00,
-3.189000e-05,3.26e+00,
-3.188000e-05,3.26e+00,
-3.187000e-05,3.26e+00,
-3.186000e-05,3.26e+00,
-3.185000e-05,3.26e+00,
-3.184000e-05,3.26e+00,
-3.183000e-05,3.26e+00,
-3.182000e-05,3.26e+00,
-3.181000e-05,3.26e+00,
-3.180000e-05,3.26e+00,
-3.179000e-05,3.26e+00,
-3.178000e-05,3.26e+00,
-3.177000e-05,3.26e+00,
-3.176000e-05,3.26e+00,
-3.175000e-05,3.26e+00,
-3.174000e-05,3.26e+00,
-3.173000e-05,3.26e+00,
-3.172000e-05,3.26e+00,
-3.171000e-05,3.26e+00,
-3.170000e-05,3.26e+00,
-3.169000e-05,3.26e+00,
-3.168000e-05,3.26e+00,
-3.167000e-05,3.26e+00,
-3.166000e-05,3.26e+00,
-3.165000e-05,3.26e+00,
-3.164000e-05,3.26e+00,
-3.163000e-05,3.26e+00,
-3.162000e-05,3.26e+00,
-3.161000e-05,3.26e+00,
-3.160000e-05,3.26e+00,
-3.159000e-05,3.26e+00,
-3.158000e-05,3.26e+00,
-3.157000e-05,3.26e+00,
-3.156000e-05,3.26e+00,
-3.155000e-05,3.26e+00,
-3.154000e-05,3.26e+00,
-3.153000e-05,3.26e+00,
-3.152000e-05,3.26e+00,
-3.151000e-05,3.26e+00,
-3.150000e-05,3.26e+00,
-3.149000e-05,3.26e+00,
-3.148000e-05,3.26e+00,
-3.147000e-05,3.26e+00,
-3.146000e-05,3.26e+00,
-3.145000e-05,3.26e+00,
-3.144000e-05,3.26e+00,
-3.143000e-05,3.26e+00,
-3.142000e-05,3.26e+00,
-3.141000e-05,3.26e+00,
-3.140000e-05,3.26e+00,
-3.139000e-05,3.26e+00,
-3.138000e-05,3.26e+00,
-3.137000e-05,3.26e+00,
-3.136000e-05,3.26e+00,
-3.135000e-05,3.26e+00,
-3.134000e-05,3.26e+00,
-3.133000e-05,3.26e+00,
-3.132000e-05,3.26e+00,
-3.131000e-05,3.26e+00,
-3.130000e-05,3.26e+00,
-3.129000e-05,3.26e+00,
-3.128000e-05,3.26e+00,
-3.127000e-05,3.26e+00,
-3.126000e-05,3.26e+00,
-3.125000e-05,3.26e+00,
-3.124000e-05,3.26e+00,
-3.123000e-05,3.26e+00,
-3.122000e-05,3.26e+00,
-3.121000e-05,3.26e+00,
-3.120000e-05,3.26e+00,
-3.119000e-05,3.26e+00,
-3.118000e-05,3.26e+00,
-3.117000e-05,3.26e+00,
-3.116000e-05,3.26e+00,
-3.115000e-05,3.26e+00,
-3.114000e-05,3.26e+00,
-3.113000e-05,3.26e+00,
-3.112000e-05,3.26e+00,
-3.111000e-05,3.26e+00,
-3.110000e-05,3.26e+00,
-3.109000e-05,3.26e+00,
-3.108000e-05,3.26e+00,
-3.107000e-05,3.26e+00,
-3.106000e-05,3.26e+00,
-3.105000e-05,3.26e+00,
-3.104000e-05,3.26e+00,
-3.103000e-05,3.26e+00,
-3.102000e-05,3.26e+00,
-3.101000e-05,3.26e+00,
-3.100000e-05,3.26e+00,
-3.099000e-05,3.26e+00,
-3.098000e-05,3.26e+00,
-3.097000e-05,3.26e+00,
-3.096000e-05,3.26e+00,
-3.095000e-05,3.26e+00,
-3.094000e-05,3.26e+00,
-3.093000e-05,3.26e+00,
-3.092000e-05,3.26e+00,
-3.091000e-05,3.26e+00,
-3.090000e-05,3.26e+00,
-3.089000e-05,3.26e+00,
-3.088000e-05,3.26e+00,
-3.087000e-05,3.26e+00,
-3.086000e-05,3.26e+00,
-3.085000e-05,3.26e+00,
-3.084000e-05,3.26e+00,
-3.083000e-05,3.26e+00,
-3.082000e-05,3.26e+00,
-3.081000e-05,3.26e+00,
-3.080000e-05,3.26e+00,
-3.079000e-05,3.26e+00,
-3.078000e-05,3.26e+00,
-3.077000e-05,3.26e+00,
-3.076000e-05,3.26e+00,
-3.075000e-05,3.26e+00,
-3.074000e-05,3.26e+00,
-3.073000e-05,3.26e+00,
-3.072000e-05,3.26e+00,
-3.071000e-05,3.26e+00,
-3.070000e-05,3.26e+00,
-3.069000e-05,3.26e+00,
-3.068000e-05,3.26e+00,
-3.067000e-05,3.26e+00,
-3.066000e-05,3.26e+00,
-3.065000e-05,3.26e+00,
-3.064000e-05,3.26e+00,
-3.063000e-05,3.26e+00,
-3.062000e-05,3.26e+00,
-3.061000e-05,3.26e+00,
-3.060000e-05,3.26e+00,
-3.059000e-05,3.26e+00,
-3.058000e-05,3.26e+00,
-3.057000e-05,3.26e+00,
-3.056000e-05,3.26e+00,
-3.055000e-05,3.26e+00,
-3.054000e-05,3.26e+00,
-3.053000e-05,3.26e+00,
-3.052000e-05,3.26e+00,
-3.051000e-05,3.26e+00,
-3.050000e-05,3.26e+00,
-3.049000e-05,3.26e+00,
-3.048000e-05,3.26e+00,
-3.047000e-05,3.26e+00,
-3.046000e-05,3.26e+00,
-3.045000e-05,3.26e+00,
-3.044000e-05,3.26e+00,
-3.043000e-05,3.26e+00,
-3.042000e-05,3.26e+00,
-3.041000e-05,3.26e+00,
-3.040000e-05,3.26e+00,
-3.039000e-05,3.26e+00,
-3.038000e-05,3.26e+00,
-3.037000e-05,3.26e+00,
-3.036000e-05,3.26e+00,
-3.035000e-05,3.26e+00,
-3.034000e-05,3.26e+00,
-3.033000e-05,3.26e+00,
-3.032000e-05,3.26e+00,
-3.031000e-05,3.26e+00,
-3.030000e-05,3.26e+00,
-3.029000e-05,3.26e+00,
-3.028000e-05,3.26e+00,
-3.027000e-05,3.26e+00,
-3.026000e-05,3.26e+00,
-3.025000e-05,3.26e+00,
-3.024000e-05,3.26e+00,
-3.023000e-05,3.26e+00,
-3.022000e-05,3.26e+00,
-3.021000e-05,3.26e+00,
-3.020000e-05,3.26e+00,
-3.019000e-05,3.26e+00,
-3.018000e-05,3.26e+00,
-3.017000e-05,3.26e+00,
-3.016000e-05,3.26e+00,
-3.015000e-05,3.26e+00,
-3.014000e-05,3.26e+00,
-3.013000e-05,3.26e+00,
-3.012000e-05,3.26e+00,
-3.011000e-05,3.26e+00,
-3.010000e-05,3.26e+00,
-3.009000e-05,3.26e+00,
-3.008000e-05,3.26e+00,
-3.007000e-05,3.26e+00,
-3.006000e-05,3.26e+00,
-3.005000e-05,3.26e+00,
-3.004000e-05,3.26e+00,
-3.003000e-05,3.26e+00,
-3.002000e-05,3.26e+00,
-3.001000e-05,3.26e+00,
-3.000000e-05,3.26e+00,
-2.999000e-05,3.26e+00,
-2.998000e-05,3.26e+00,
-2.997000e-05,3.26e+00,
-2.996000e-05,3.26e+00,
-2.995000e-05,3.26e+00,
-2.994000e-05,3.26e+00,
-2.993000e-05,3.26e+00,
-2.992000e-05,3.26e+00,
-2.991000e-05,3.26e+00,
-2.990000e-05,3.26e+00,
-2.989000e-05,3.26e+00,
-2.988000e-05,3.26e+00,
-2.987000e-05,3.26e+00,
-2.986000e-05,3.26e+00,
-2.985000e-05,3.26e+00,
-2.984000e-05,3.26e+00,
-2.983000e-05,3.26e+00,
-2.982000e-05,3.26e+00,
-2.981000e-05,3.26e+00,
-2.980000e-05,3.26e+00,
-2.979000e-05,3.26e+00,
-2.978000e-05,3.26e+00,
-2.977000e-05,3.26e+00,
-2.976000e-05,3.26e+00,
-2.975000e-05,3.26e+00,
-2.974000e-05,3.26e+00,
-2.973000e-05,3.26e+00,
-2.972000e-05,3.26e+00,
-2.971000e-05,3.26e+00,
-2.970000e-05,3.26e+00,
-2.969000e-05,3.26e+00,
-2.968000e-05,3.26e+00,
-2.967000e-05,3.26e+00,
-2.966000e-05,3.26e+00,
-2.965000e-05,3.26e+00,
-2.964000e-05,3.26e+00,
-2.963000e-05,3.26e+00,
-2.962000e-05,3.26e+00,
-2.961000e-05,3.26e+00,
-2.960000e-05,3.26e+00,
-2.959000e-05,3.26e+00,
-2.958000e-05,3.26e+00,
-2.957000e-05,3.26e+00,
-2.956000e-05,3.26e+00,
-2.955000e-05,3.26e+00,
-2.954000e-05,3.26e+00,
-2.953000e-05,3.26e+00,
-2.952000e-05,3.26e+00,
-2.951000e-05,3.26e+00,
-2.950000e-05,3.26e+00,
-2.949000e-05,3.26e+00,
-2.948000e-05,3.26e+00,
-2.947000e-05,3.26e+00,
-2.946000e-05,3.26e+00,
-2.945000e-05,3.26e+00,
-2.944000e-05,3.26e+00,
-2.943000e-05,3.26e+00,
-2.942000e-05,3.26e+00,
-2.941000e-05,3.26e+00,
-2.940000e-05,3.26e+00,
-2.939000e-05,3.26e+00,
-2.938000e-05,3.26e+00,
-2.937000e-05,3.26e+00,
-2.936000e-05,3.26e+00,
-2.935000e-05,3.26e+00,
-2.934000e-05,3.26e+00,
-2.933000e-05,3.26e+00,
-2.932000e-05,3.26e+00,
-2.931000e-05,3.26e+00,
-2.930000e-05,3.26e+00,
-2.929000e-05,3.26e+00,
-2.928000e-05,3.26e+00,
-2.927000e-05,3.26e+00,
-2.926000e-05,3.26e+00,
-2.925000e-05,3.26e+00,
-2.924000e-05,3.26e+00,
-2.923000e-05,3.26e+00,
-2.922000e-05,3.26e+00,
-2.921000e-05,3.26e+00,
-2.920000e-05,3.26e+00,
-2.919000e-05,3.26e+00,
-2.918000e-05,3.26e+00,
-2.917000e-05,3.26e+00,
-2.916000e-05,3.26e+00,
-2.915000e-05,3.26e+00,
-2.914000e-05,3.26e+00,
-2.913000e-05,3.26e+00,
-2.912000e-05,3.26e+00,
-2.911000e-05,3.26e+00,
-2.910000e-05,3.26e+00,
-2.909000e-05,3.26e+00,
-2.908000e-05,3.26e+00,
-2.907000e-05,3.26e+00,
-2.906000e-05,3.26e+00,
-2.905000e-05,3.26e+00,
-2.904000e-05,3.26e+00,
-2.903000e-05,3.26e+00,
-2.902000e-05,3.26e+00,
-2.901000e-05,3.26e+00,
-2.900000e-05,3.26e+00,
-2.899000e-05,3.26e+00,
-2.898000e-05,3.26e+00,
-2.897000e-05,3.26e+00,
-2.896000e-05,3.26e+00,
-2.895000e-05,3.26e+00,
-2.894000e-05,3.26e+00,
-2.893000e-05,3.26e+00,
-2.892000e-05,3.26e+00,
-2.891000e-05,3.26e+00,
-2.890000e-05,3.26e+00,
-2.889000e-05,3.26e+00,
-2.888000e-05,3.26e+00,
-2.887000e-05,3.26e+00,
-2.886000e-05,3.26e+00,
-2.885000e-05,3.26e+00,
-2.884000e-05,3.26e+00,
-2.883000e-05,3.26e+00,
-2.882000e-05,3.26e+00,
-2.881000e-05,3.26e+00,
-2.880000e-05,3.26e+00,
-2.879000e-05,3.26e+00,
-2.878000e-05,3.26e+00,
-2.877000e-05,3.26e+00,
-2.876000e-05,3.26e+00,
-2.875000e-05,3.26e+00,
-2.874000e-05,3.26e+00,
-2.873000e-05,3.26e+00,
-2.872000e-05,3.26e+00,
-2.871000e-05,3.26e+00,
-2.870000e-05,3.26e+00,
-2.869000e-05,3.26e+00,
-2.868000e-05,3.26e+00,
-2.867000e-05,3.26e+00,
-2.866000e-05,3.26e+00,
-2.865000e-05,3.26e+00,
-2.864000e-05,3.26e+00,
-2.863000e-05,3.26e+00,
-2.862000e-05,3.26e+00,
-2.861000e-05,3.26e+00,
-2.860000e-05,3.26e+00,
-2.859000e-05,3.26e+00,
-2.858000e-05,3.26e+00,
-2.857000e-05,3.26e+00,
-2.856000e-05,3.26e+00,
-2.855000e-05,3.26e+00,
-2.854000e-05,3.26e+00,
-2.853000e-05,3.26e+00,
-2.852000e-05,3.26e+00,
-2.851000e-05,3.26e+00,
-2.850000e-05,3.26e+00,
-2.849000e-05,3.26e+00,
-2.848000e-05,3.26e+00,
-2.847000e-05,3.26e+00,
-2.846000e-05,3.26e+00,
-2.845000e-05,3.26e+00,
-2.844000e-05,3.26e+00,
-2.843000e-05,3.26e+00,
-2.842000e-05,3.26e+00,
-2.841000e-05,3.26e+00,
-2.840000e-05,3.26e+00,
-2.839000e-05,3.26e+00,
-2.838000e-05,3.26e+00,
-2.837000e-05,3.26e+00,
-2.836000e-05,3.26e+00,
-2.835000e-05,3.26e+00,
-2.834000e-05,3.26e+00,
-2.833000e-05,3.26e+00,
-2.832000e-05,3.26e+00,
-2.831000e-05,3.26e+00,
-2.830000e-05,3.26e+00,
-2.829000e-05,3.26e+00,
-2.828000e-05,3.26e+00,
-2.827000e-05,3.26e+00,
-2.826000e-05,3.26e+00,
-2.825000e-05,3.26e+00,
-2.824000e-05,3.26e+00,
-2.823000e-05,3.26e+00,
-2.822000e-05,3.26e+00,
-2.821000e-05,3.26e+00,
-2.820000e-05,3.26e+00,
-2.819000e-05,3.26e+00,
-2.818000e-05,3.26e+00,
-2.817000e-05,3.26e+00,
-2.816000e-05,3.26e+00,
-2.815000e-05,3.26e+00,
-2.814000e-05,3.26e+00,
-2.813000e-05,3.26e+00,
-2.812000e-05,3.26e+00,
-2.811000e-05,3.26e+00,
-2.810000e-05,3.26e+00,
-2.809000e-05,3.26e+00,
-2.808000e-05,3.26e+00,
-2.807000e-05,3.26e+00,
-2.806000e-05,3.26e+00,
-2.805000e-05,3.26e+00,
-2.804000e-05,3.26e+00,
-2.803000e-05,3.26e+00,
-2.802000e-05,3.26e+00,
-2.801000e-05,3.26e+00,
-2.800000e-05,3.26e+00,
-2.799000e-05,3.26e+00,
-2.798000e-05,3.26e+00,
-2.797000e-05,3.26e+00,
-2.796000e-05,3.26e+00,
-2.795000e-05,3.26e+00,
-2.794000e-05,3.26e+00,
-2.793000e-05,3.26e+00,
-2.792000e-05,3.26e+00,
-2.791000e-05,3.26e+00,
-2.790000e-05,3.26e+00,
-2.789000e-05,3.26e+00,
-2.788000e-05,3.26e+00,
-2.787000e-05,3.26e+00,
-2.786000e-05,3.26e+00,
-2.785000e-05,3.26e+00,
-2.784000e-05,3.26e+00,
-2.783000e-05,3.26e+00,
-2.782000e-05,3.26e+00,
-2.781000e-05,3.26e+00,
-2.780000e-05,3.26e+00,
-2.779000e-05,3.26e+00,
-2.778000e-05,3.26e+00,
-2.777000e-05,3.26e+00,
-2.776000e-05,3.26e+00,
-2.775000e-05,3.26e+00,
-2.774000e-05,3.26e+00,
-2.773000e-05,3.26e+00,
-2.772000e-05,3.26e+00,
-2.771000e-05,3.26e+00,
-2.770000e-05,3.26e+00,
-2.769000e-05,3.26e+00,
-2.768000e-05,3.26e+00,
-2.767000e-05,3.26e+00,
-2.766000e-05,3.26e+00,
-2.765000e-05,3.26e+00,
-2.764000e-05,3.26e+00,
-2.763000e-05,3.26e+00,
-2.762000e-05,3.26e+00,
-2.761000e-05,3.26e+00,
-2.760000e-05,3.26e+00,
-2.759000e-05,3.26e+00,
-2.758000e-05,3.26e+00,
-2.757000e-05,3.26e+00,
-2.756000e-05,3.26e+00,
-2.755000e-05,3.26e+00,
-2.754000e-05,3.26e+00,
-2.753000e-05,3.26e+00,
-2.752000e-05,3.26e+00,
-2.751000e-05,3.26e+00,
-2.750000e-05,3.26e+00,
-2.749000e-05,3.26e+00,
-2.748000e-05,3.26e+00,
-2.747000e-05,3.26e+00,
-2.746000e-05,3.26e+00,
-2.745000e-05,3.26e+00,
-2.744000e-05,3.26e+00,
-2.743000e-05,3.26e+00,
-2.742000e-05,3.26e+00,
-2.741000e-05,3.26e+00,
-2.740000e-05,3.26e+00,
-2.739000e-05,3.26e+00,
-2.738000e-05,3.26e+00,
-2.737000e-05,3.26e+00,
-2.736000e-05,3.26e+00,
-2.735000e-05,3.26e+00,
-2.734000e-05,3.26e+00,
-2.733000e-05,3.26e+00,
-2.732000e-05,3.26e+00,
-2.731000e-05,3.26e+00,
-2.730000e-05,3.26e+00,
-2.729000e-05,3.26e+00,
-2.728000e-05,3.26e+00,
-2.727000e-05,3.26e+00,
-2.726000e-05,3.26e+00,
-2.725000e-05,3.26e+00,
-2.724000e-05,3.26e+00,
-2.723000e-05,3.26e+00,
-2.722000e-05,3.26e+00,
-2.721000e-05,3.26e+00,
-2.720000e-05,3.26e+00,
-2.719000e-05,3.26e+00,
-2.718000e-05,3.26e+00,
-2.717000e-05,3.26e+00,
-2.716000e-05,3.26e+00,
-2.715000e-05,3.26e+00,
-2.714000e-05,3.26e+00,
-2.713000e-05,3.26e+00,
-2.712000e-05,3.26e+00,
-2.711000e-05,3.26e+00,
-2.710000e-05,3.26e+00,
-2.709000e-05,3.26e+00,
-2.708000e-05,3.26e+00,
-2.707000e-05,3.26e+00,
-2.706000e-05,3.26e+00,
-2.705000e-05,3.26e+00,
-2.704000e-05,3.26e+00,
-2.703000e-05,3.26e+00,
-2.702000e-05,3.26e+00,
-2.701000e-05,3.26e+00,
-2.700000e-05,3.26e+00,
-2.699000e-05,3.26e+00,
-2.698000e-05,3.26e+00,
-2.697000e-05,3.26e+00,
-2.696000e-05,3.26e+00,
-2.695000e-05,3.26e+00,
-2.694000e-05,3.26e+00,
-2.693000e-05,3.26e+00,
-2.692000e-05,3.26e+00,
-2.691000e-05,3.26e+00,
-2.690000e-05,3.26e+00,
-2.689000e-05,3.26e+00,
-2.688000e-05,3.26e+00,
-2.687000e-05,3.26e+00,
-2.686000e-05,3.26e+00,
-2.685000e-05,3.26e+00,
-2.684000e-05,3.26e+00,
-2.683000e-05,3.26e+00,
-2.682000e-05,3.26e+00,
-2.681000e-05,3.26e+00,
-2.680000e-05,3.26e+00,
-2.679000e-05,3.26e+00,
-2.678000e-05,3.26e+00,
-2.677000e-05,3.26e+00,
-2.676000e-05,3.26e+00,
-2.675000e-05,3.26e+00,
-2.674000e-05,3.26e+00,
-2.673000e-05,3.26e+00,
-2.672000e-05,3.26e+00,
-2.671000e-05,3.26e+00,
-2.670000e-05,3.26e+00,
-2.669000e-05,3.26e+00,
-2.668000e-05,3.26e+00,
-2.667000e-05,3.26e+00,
-2.666000e-05,3.26e+00,
-2.665000e-05,3.26e+00,
-2.664000e-05,3.26e+00,
-2.663000e-05,3.26e+00,
-2.662000e-05,3.26e+00,
-2.661000e-05,3.26e+00,
-2.660000e-05,3.26e+00,
-2.659000e-05,3.26e+00,
-2.658000e-05,3.26e+00,
-2.657000e-05,3.26e+00,
-2.656000e-05,3.26e+00,
-2.655000e-05,3.26e+00,
-2.654000e-05,3.26e+00,
-2.653000e-05,3.26e+00,
-2.652000e-05,3.26e+00,
-2.651000e-05,3.26e+00,
-2.650000e-05,3.26e+00,
-2.649000e-05,3.26e+00,
-2.648000e-05,3.26e+00,
-2.647000e-05,3.26e+00,
-2.646000e-05,3.26e+00,
-2.645000e-05,3.26e+00,
-2.644000e-05,3.26e+00,
-2.643000e-05,3.26e+00,
-2.642000e-05,3.26e+00,
-2.641000e-05,3.26e+00,
-2.640000e-05,3.26e+00,
-2.639000e-05,3.26e+00,
-2.638000e-05,3.26e+00,
-2.637000e-05,3.26e+00,
-2.636000e-05,3.26e+00,
-2.635000e-05,3.26e+00,
-2.634000e-05,3.26e+00,
-2.633000e-05,3.26e+00,
-2.632000e-05,3.26e+00,
-2.631000e-05,3.26e+00,
-2.630000e-05,3.26e+00,
-2.629000e-05,3.26e+00,
-2.628000e-05,3.26e+00,
-2.627000e-05,3.26e+00,
-2.626000e-05,3.26e+00,
-2.625000e-05,3.26e+00,
-2.624000e-05,3.26e+00,
-2.623000e-05,3.26e+00,
-2.622000e-05,3.26e+00,
-2.621000e-05,3.26e+00,
-2.620000e-05,3.26e+00,
-2.619000e-05,3.26e+00,
-2.618000e-05,3.26e+00,
-2.617000e-05,3.26e+00,
-2.616000e-05,3.26e+00,
-2.615000e-05,3.26e+00,
-2.614000e-05,3.26e+00,
-2.613000e-05,3.26e+00,
-2.612000e-05,3.26e+00,
-2.611000e-05,3.26e+00,
-2.610000e-05,3.26e+00,
-2.609000e-05,3.26e+00,
-2.608000e-05,3.26e+00,
-2.607000e-05,3.26e+00,
-2.606000e-05,3.26e+00,
-2.605000e-05,3.26e+00,
-2.604000e-05,3.26e+00,
-2.603000e-05,3.26e+00,
-2.602000e-05,3.26e+00,
-2.601000e-05,3.26e+00,
-2.600000e-05,3.26e+00,
-2.599000e-05,3.26e+00,
-2.598000e-05,3.26e+00,
-2.597000e-05,3.26e+00,
-2.596000e-05,3.26e+00,
-2.595000e-05,3.26e+00,
-2.594000e-05,3.26e+00,
-2.593000e-05,3.26e+00,
-2.592000e-05,3.26e+00,
-2.591000e-05,3.26e+00,
-2.590000e-05,3.26e+00,
-2.589000e-05,3.26e+00,
-2.588000e-05,3.26e+00,
-2.587000e-05,3.26e+00,
-2.586000e-05,3.26e+00,
-2.585000e-05,3.26e+00,
-2.584000e-05,3.26e+00,
-2.583000e-05,3.26e+00,
-2.582000e-05,3.26e+00,
-2.581000e-05,3.26e+00,
-2.580000e-05,3.26e+00,
-2.579000e-05,3.26e+00,
-2.578000e-05,3.26e+00,
-2.577000e-05,3.26e+00,
-2.576000e-05,3.26e+00,
-2.575000e-05,3.26e+00,
-2.574000e-05,3.26e+00,
-2.573000e-05,3.26e+00,
-2.572000e-05,3.26e+00,
-2.571000e-05,3.26e+00,
-2.570000e-05,3.26e+00,
-2.569000e-05,3.26e+00,
-2.568000e-05,3.26e+00,
-2.567000e-05,3.26e+00,
-2.566000e-05,3.26e+00,
-2.565000e-05,3.26e+00,
-2.564000e-05,3.26e+00,
-2.563000e-05,3.26e+00,
-2.562000e-05,3.26e+00,
-2.561000e-05,3.26e+00,
-2.560000e-05,3.26e+00,
-2.559000e-05,3.26e+00,
-2.558000e-05,3.26e+00,
-2.557000e-05,3.26e+00,
-2.556000e-05,3.26e+00,
-2.555000e-05,3.26e+00,
-2.554000e-05,3.26e+00,
-2.553000e-05,3.26e+00,
-2.552000e-05,3.26e+00,
-2.551000e-05,3.26e+00,
-2.550000e-05,3.26e+00,
-2.549000e-05,3.26e+00,
-2.548000e-05,3.26e+00,
-2.547000e-05,3.26e+00,
-2.546000e-05,3.26e+00,
-2.545000e-05,3.26e+00,
-2.544000e-05,3.26e+00,
-2.543000e-05,3.26e+00,
-2.542000e-05,3.26e+00,
-2.541000e-05,3.26e+00,
-2.540000e-05,3.26e+00,
-2.539000e-05,3.26e+00,
-2.538000e-05,3.26e+00,
-2.537000e-05,3.26e+00,
-2.536000e-05,3.26e+00,
-2.535000e-05,3.26e+00,
-2.534000e-05,3.26e+00,
-2.533000e-05,3.26e+00,
-2.532000e-05,3.26e+00,
-2.531000e-05,3.26e+00,
-2.530000e-05,3.26e+00,
-2.529000e-05,3.26e+00,
-2.528000e-05,3.26e+00,
-2.527000e-05,3.26e+00,
-2.526000e-05,3.26e+00,
-2.525000e-05,3.26e+00,
-2.524000e-05,3.26e+00,
-2.523000e-05,3.26e+00,
-2.522000e-05,3.26e+00,
-2.521000e-05,3.26e+00,
-2.520000e-05,3.26e+00,
-2.519000e-05,3.26e+00,
-2.518000e-05,3.26e+00,
-2.517000e-05,3.26e+00,
-2.516000e-05,3.26e+00,
-2.515000e-05,3.26e+00,
-2.514000e-05,3.26e+00,
-2.513000e-05,3.26e+00,
-2.512000e-05,3.26e+00,
-2.511000e-05,3.26e+00,
-2.510000e-05,3.26e+00,
-2.509000e-05,3.26e+00,
-2.508000e-05,3.26e+00,
-2.507000e-05,3.26e+00,
-2.506000e-05,3.26e+00,
-2.505000e-05,3.26e+00,
-2.504000e-05,3.26e+00,
-2.503000e-05,3.26e+00,
-2.502000e-05,3.26e+00,
-2.501000e-05,3.26e+00,
-2.500000e-05,3.26e+00,
-2.499000e-05,3.26e+00,
-2.498000e-05,3.26e+00,
-2.497000e-05,3.26e+00,
-2.496000e-05,3.26e+00,
-2.495000e-05,3.26e+00,
-2.494000e-05,3.26e+00,
-2.493000e-05,3.26e+00,
-2.492000e-05,3.26e+00,
-2.491000e-05,3.26e+00,
-2.490000e-05,3.26e+00,
-2.489000e-05,3.26e+00,
-2.488000e-05,3.26e+00,
-2.487000e-05,3.26e+00,
-2.486000e-05,3.26e+00,
-2.485000e-05,3.26e+00,
-2.484000e-05,3.26e+00,
-2.483000e-05,3.26e+00,
-2.482000e-05,3.26e+00,
-2.481000e-05,3.26e+00,
-2.480000e-05,3.26e+00,
-2.479000e-05,3.26e+00,
-2.478000e-05,3.26e+00,
-2.477000e-05,3.26e+00,
-2.476000e-05,3.26e+00,
-2.475000e-05,3.26e+00,
-2.474000e-05,3.26e+00,
-2.473000e-05,3.26e+00,
-2.472000e-05,3.26e+00,
-2.471000e-05,3.26e+00,
-2.470000e-05,3.26e+00,
-2.469000e-05,3.26e+00,
-2.468000e-05,3.26e+00,
-2.467000e-05,3.26e+00,
-2.466000e-05,3.26e+00,
-2.465000e-05,3.26e+00,
-2.464000e-05,3.26e+00,
-2.463000e-05,3.26e+00,
-2.462000e-05,3.26e+00,
-2.461000e-05,3.26e+00,
-2.460000e-05,3.26e+00,
-2.459000e-05,3.26e+00,
-2.458000e-05,3.26e+00,
-2.457000e-05,3.26e+00,
-2.456000e-05,3.26e+00,
-2.455000e-05,3.26e+00,
-2.454000e-05,3.26e+00,
-2.453000e-05,3.26e+00,
-2.452000e-05,3.26e+00,
-2.451000e-05,3.26e+00,
-2.450000e-05,3.26e+00,
-2.449000e-05,3.26e+00,
-2.448000e-05,3.26e+00,
-2.447000e-05,3.26e+00,
-2.446000e-05,3.26e+00,
-2.445000e-05,3.26e+00,
-2.444000e-05,3.26e+00,
-2.443000e-05,3.26e+00,
-2.442000e-05,3.26e+00,
-2.441000e-05,3.26e+00,
-2.440000e-05,3.26e+00,
-2.439000e-05,3.26e+00,
-2.438000e-05,3.26e+00,
-2.437000e-05,3.26e+00,
-2.436000e-05,3.26e+00,
-2.435000e-05,3.26e+00,
-2.434000e-05,3.26e+00,
-2.433000e-05,3.26e+00,
-2.432000e-05,3.26e+00,
-2.431000e-05,3.26e+00,
-2.430000e-05,3.26e+00,
-2.429000e-05,3.26e+00,
-2.428000e-05,3.26e+00,
-2.427000e-05,3.26e+00,
-2.426000e-05,3.26e+00,
-2.425000e-05,3.26e+00,
-2.424000e-05,3.26e+00,
-2.423000e-05,3.26e+00,
-2.422000e-05,3.26e+00,
-2.421000e-05,3.26e+00,
-2.420000e-05,3.26e+00,
-2.419000e-05,3.26e+00,
-2.418000e-05,3.26e+00,
-2.417000e-05,3.26e+00,
-2.416000e-05,3.26e+00,
-2.415000e-05,3.25e+00,
-2.414000e-05,3.26e+00,
-2.413000e-05,3.26e+00,
-2.412000e-05,3.26e+00,
-2.411000e-05,3.26e+00,
-2.410000e-05,3.26e+00,
-2.409000e-05,3.26e+00,
-2.408000e-05,3.26e+00,
-2.407000e-05,3.26e+00,
-2.406000e-05,3.26e+00,
-2.405000e-05,3.26e+00,
-2.404000e-05,3.26e+00,
-2.403000e-05,3.26e+00,
-2.402000e-05,3.26e+00,
-2.401000e-05,3.26e+00,
-2.400000e-05,3.26e+00,
-2.399000e-05,3.26e+00,
-2.398000e-05,3.26e+00,
-2.397000e-05,3.26e+00,
-2.396000e-05,3.26e+00,
-2.395000e-05,3.26e+00,
-2.394000e-05,3.26e+00,
-2.393000e-05,3.26e+00,
-2.392000e-05,3.26e+00,
-2.391000e-05,3.26e+00,
-2.390000e-05,3.26e+00,
-2.389000e-05,3.26e+00,
-2.388000e-05,3.26e+00,
-2.387000e-05,3.26e+00,
-2.386000e-05,3.26e+00,
-2.385000e-05,3.26e+00,
-2.384000e-05,3.26e+00,
-2.383000e-05,3.26e+00,
-2.382000e-05,3.26e+00,
-2.381000e-05,3.26e+00,
-2.380000e-05,3.26e+00,
-2.379000e-05,3.26e+00,
-2.378000e-05,3.26e+00,
-2.377000e-05,3.26e+00,
-2.376000e-05,3.26e+00,
-2.375000e-05,3.26e+00,
-2.374000e-05,3.26e+00,
-2.373000e-05,3.26e+00,
-2.372000e-05,3.26e+00,
-2.371000e-05,3.26e+00,
-2.370000e-05,3.26e+00,
-2.369000e-05,3.26e+00,
-2.368000e-05,3.26e+00,
-2.367000e-05,3.26e+00,
-2.366000e-05,3.26e+00,
-2.365000e-05,3.26e+00,
-2.364000e-05,3.26e+00,
-2.363000e-05,3.26e+00,
-2.362000e-05,3.26e+00,
-2.361000e-05,3.26e+00,
-2.360000e-05,3.26e+00,
-2.359000e-05,3.26e+00,
-2.358000e-05,3.26e+00,
-2.357000e-05,3.26e+00,
-2.356000e-05,3.26e+00,
-2.355000e-05,3.26e+00,
-2.354000e-05,3.26e+00,
-2.353000e-05,3.26e+00,
-2.352000e-05,3.26e+00,
-2.351000e-05,3.26e+00,
-2.350000e-05,3.26e+00,
-2.349000e-05,3.26e+00,
-2.348000e-05,3.26e+00,
-2.347000e-05,3.26e+00,
-2.346000e-05,3.26e+00,
-2.345000e-05,3.26e+00,
-2.344000e-05,3.26e+00,
-2.343000e-05,3.26e+00,
-2.342000e-05,3.26e+00,
-2.341000e-05,3.26e+00,
-2.340000e-05,3.26e+00,
-2.339000e-05,3.26e+00,
-2.338000e-05,3.26e+00,
-2.337000e-05,3.26e+00,
-2.336000e-05,3.26e+00,
-2.335000e-05,3.26e+00,
-2.334000e-05,3.26e+00,
-2.333000e-05,3.26e+00,
-2.332000e-05,3.26e+00,
-2.331000e-05,3.26e+00,
-2.330000e-05,3.26e+00,
-2.329000e-05,3.26e+00,
-2.328000e-05,3.26e+00,
-2.327000e-05,3.26e+00,
-2.326000e-05,3.26e+00,
-2.325000e-05,3.26e+00,
-2.324000e-05,3.26e+00,
-2.323000e-05,3.26e+00,
-2.322000e-05,3.26e+00,
-2.321000e-05,3.26e+00,
-2.320000e-05,3.26e+00,
-2.319000e-05,3.26e+00,
-2.318000e-05,3.26e+00,
-2.317000e-05,3.26e+00,
-2.316000e-05,3.26e+00,
-2.315000e-05,3.26e+00,
-2.314000e-05,3.26e+00,
-2.313000e-05,3.26e+00,
-2.312000e-05,3.26e+00,
-2.311000e-05,3.26e+00,
-2.310000e-05,3.26e+00,
-2.309000e-05,3.26e+00,
-2.308000e-05,3.26e+00,
-2.307000e-05,3.26e+00,
-2.306000e-05,3.26e+00,
-2.305000e-05,3.26e+00,
-2.304000e-05,3.26e+00,
-2.303000e-05,3.26e+00,
-2.302000e-05,3.26e+00,
-2.301000e-05,3.26e+00,
-2.300000e-05,3.26e+00,
-2.299000e-05,3.26e+00,
-2.298000e-05,3.26e+00,
-2.297000e-05,3.26e+00,
-2.296000e-05,3.26e+00,
-2.295000e-05,3.26e+00,
-2.294000e-05,3.26e+00,
-2.293000e-05,3.26e+00,
-2.292000e-05,3.26e+00,
-2.291000e-05,3.26e+00,
-2.290000e-05,3.26e+00,
-2.289000e-05,3.26e+00,
-2.288000e-05,3.26e+00,
-2.287000e-05,3.26e+00,
-2.286000e-05,3.26e+00,
-2.285000e-05,3.26e+00,
-2.284000e-05,3.26e+00,
-2.283000e-05,3.26e+00,
-2.282000e-05,3.26e+00,
-2.281000e-05,3.26e+00,
-2.280000e-05,3.26e+00,
-2.279000e-05,3.26e+00,
-2.278000e-05,3.26e+00,
-2.277000e-05,3.26e+00,
-2.276000e-05,3.26e+00,
-2.275000e-05,3.26e+00,
-2.274000e-05,3.26e+00,
-2.273000e-05,3.26e+00,
-2.272000e-05,3.26e+00,
-2.271000e-05,3.26e+00,
-2.270000e-05,3.26e+00,
-2.269000e-05,3.26e+00,
-2.268000e-05,3.26e+00,
-2.267000e-05,3.26e+00,
-2.266000e-05,3.26e+00,
-2.265000e-05,3.26e+00,
-2.264000e-05,3.26e+00,
-2.263000e-05,3.26e+00,
-2.262000e-05,3.26e+00,
-2.261000e-05,3.26e+00,
-2.260000e-05,3.26e+00,
-2.259000e-05,3.26e+00,
-2.258000e-05,3.26e+00,
-2.257000e-05,3.26e+00,
-2.256000e-05,3.26e+00,
-2.255000e-05,3.26e+00,
-2.254000e-05,3.26e+00,
-2.253000e-05,3.26e+00,
-2.252000e-05,3.26e+00,
-2.251000e-05,3.26e+00,
-2.250000e-05,3.26e+00,
-2.249000e-05,3.26e+00,
-2.248000e-05,3.26e+00,
-2.247000e-05,3.26e+00,
-2.246000e-05,3.26e+00,
-2.245000e-05,3.26e+00,
-2.244000e-05,3.26e+00,
-2.243000e-05,3.26e+00,
-2.242000e-05,3.26e+00,
-2.241000e-05,3.26e+00,
-2.240000e-05,3.26e+00,
-2.239000e-05,3.26e+00,
-2.238000e-05,3.26e+00,
-2.237000e-05,3.26e+00,
-2.236000e-05,3.26e+00,
-2.235000e-05,3.26e+00,
-2.234000e-05,3.26e+00,
-2.233000e-05,3.26e+00,
-2.232000e-05,3.26e+00,
-2.231000e-05,3.26e+00,
-2.230000e-05,3.26e+00,
-2.229000e-05,3.26e+00,
-2.228000e-05,3.26e+00,
-2.227000e-05,3.26e+00,
-2.226000e-05,3.26e+00,
-2.225000e-05,3.26e+00,
-2.224000e-05,3.26e+00,
-2.223000e-05,3.26e+00,
-2.222000e-05,3.26e+00,
-2.221000e-05,3.26e+00,
-2.220000e-05,3.26e+00,
-2.219000e-05,3.26e+00,
-2.218000e-05,3.26e+00,
-2.217000e-05,3.26e+00,
-2.216000e-05,3.26e+00,
-2.215000e-05,3.26e+00,
-2.214000e-05,3.26e+00,
-2.213000e-05,3.26e+00,
-2.212000e-05,3.26e+00,
-2.211000e-05,3.26e+00,
-2.210000e-05,3.26e+00,
-2.209000e-05,3.26e+00,
-2.208000e-05,3.26e+00,
-2.207000e-05,3.26e+00,
-2.206000e-05,3.26e+00,
-2.205000e-05,3.26e+00,
-2.204000e-05,3.26e+00,
-2.203000e-05,3.26e+00,
-2.202000e-05,3.26e+00,
-2.201000e-05,3.26e+00,
-2.200000e-05,3.26e+00,
-2.199000e-05,3.26e+00,
-2.198000e-05,3.26e+00,
-2.197000e-05,3.26e+00,
-2.196000e-05,3.26e+00,
-2.195000e-05,3.26e+00,
-2.194000e-05,3.26e+00,
-2.193000e-05,3.26e+00,
-2.192000e-05,3.26e+00,
-2.191000e-05,3.26e+00,
-2.190000e-05,3.26e+00,
-2.189000e-05,3.26e+00,
-2.188000e-05,3.26e+00,
-2.187000e-05,3.26e+00,
-2.186000e-05,3.26e+00,
-2.185000e-05,3.26e+00,
-2.184000e-05,3.26e+00,
-2.183000e-05,3.26e+00,
-2.182000e-05,3.26e+00,
-2.181000e-05,3.26e+00,
-2.180000e-05,3.26e+00,
-2.179000e-05,3.26e+00,
-2.178000e-05,3.26e+00,
-2.177000e-05,3.26e+00,
-2.176000e-05,3.26e+00,
-2.175000e-05,3.26e+00,
-2.174000e-05,3.26e+00,
-2.173000e-05,3.26e+00,
-2.172000e-05,3.26e+00,
-2.171000e-05,3.26e+00,
-2.170000e-05,3.26e+00,
-2.169000e-05,3.26e+00,
-2.168000e-05,3.26e+00,
-2.167000e-05,3.26e+00,
-2.166000e-05,3.26e+00,
-2.165000e-05,3.26e+00,
-2.164000e-05,3.26e+00,
-2.163000e-05,3.26e+00,
-2.162000e-05,3.26e+00,
-2.161000e-05,3.26e+00,
-2.160000e-05,3.26e+00,
-2.159000e-05,3.26e+00,
-2.158000e-05,3.26e+00,
-2.157000e-05,3.26e+00,
-2.156000e-05,3.26e+00,
-2.155000e-05,3.26e+00,
-2.154000e-05,3.26e+00,
-2.153000e-05,3.26e+00,
-2.152000e-05,3.26e+00,
-2.151000e-05,3.26e+00,
-2.150000e-05,3.26e+00,
-2.149000e-05,3.26e+00,
-2.148000e-05,3.26e+00,
-2.147000e-05,3.26e+00,
-2.146000e-05,3.26e+00,
-2.145000e-05,3.26e+00,
-2.144000e-05,3.26e+00,
-2.143000e-05,3.26e+00,
-2.142000e-05,3.26e+00,
-2.141000e-05,3.26e+00,
-2.140000e-05,3.26e+00,
-2.139000e-05,3.26e+00,
-2.138000e-05,3.26e+00,
-2.137000e-05,3.26e+00,
-2.136000e-05,3.26e+00,
-2.135000e-05,3.26e+00,
-2.134000e-05,3.26e+00,
-2.133000e-05,3.26e+00,
-2.132000e-05,3.26e+00,
-2.131000e-05,3.26e+00,
-2.130000e-05,3.26e+00,
-2.129000e-05,3.26e+00,
-2.128000e-05,3.26e+00,
-2.127000e-05,3.26e+00,
-2.126000e-05,3.26e+00,
-2.125000e-05,3.26e+00,
-2.124000e-05,3.26e+00,
-2.123000e-05,3.26e+00,
-2.122000e-05,3.26e+00,
-2.121000e-05,3.26e+00,
-2.120000e-05,3.26e+00,
-2.119000e-05,3.26e+00,
-2.118000e-05,3.26e+00,
-2.117000e-05,3.26e+00,
-2.116000e-05,3.26e+00,
-2.115000e-05,3.26e+00,
-2.114000e-05,3.26e+00,
-2.113000e-05,3.26e+00,
-2.112000e-05,3.26e+00,
-2.111000e-05,3.26e+00,
-2.110000e-05,3.26e+00,
-2.109000e-05,3.26e+00,
-2.108000e-05,3.26e+00,
-2.107000e-05,3.26e+00,
-2.106000e-05,3.26e+00,
-2.105000e-05,3.26e+00,
-2.104000e-05,3.26e+00,
-2.103000e-05,3.26e+00,
-2.102000e-05,3.26e+00,
-2.101000e-05,3.26e+00,
-2.100000e-05,3.26e+00,
-2.099000e-05,3.26e+00,
-2.098000e-05,3.26e+00,
-2.097000e-05,3.26e+00,
-2.096000e-05,3.26e+00,
-2.095000e-05,3.26e+00,
-2.094000e-05,3.26e+00,
-2.093000e-05,3.26e+00,
-2.092000e-05,3.26e+00,
-2.091000e-05,3.26e+00,
-2.090000e-05,3.26e+00,
-2.089000e-05,3.26e+00,
-2.088000e-05,3.26e+00,
-2.087000e-05,3.26e+00,
-2.086000e-05,3.26e+00,
-2.085000e-05,3.26e+00,
-2.084000e-05,3.26e+00,
-2.083000e-05,3.26e+00,
-2.082000e-05,3.26e+00,
-2.081000e-05,3.26e+00,
-2.080000e-05,3.26e+00,
-2.079000e-05,3.26e+00,
-2.078000e-05,3.26e+00,
-2.077000e-05,3.26e+00,
-2.076000e-05,3.26e+00,
-2.075000e-05,3.26e+00,
-2.074000e-05,3.26e+00,
-2.073000e-05,3.26e+00,
-2.072000e-05,3.26e+00,
-2.071000e-05,3.26e+00,
-2.070000e-05,3.26e+00,
-2.069000e-05,3.26e+00,
-2.068000e-05,3.26e+00,
-2.067000e-05,3.26e+00,
-2.066000e-05,3.26e+00,
-2.065000e-05,3.26e+00,
-2.064000e-05,3.26e+00,
-2.063000e-05,3.26e+00,
-2.062000e-05,3.26e+00,
-2.061000e-05,3.26e+00,
-2.060000e-05,3.26e+00,
-2.059000e-05,3.26e+00,
-2.058000e-05,3.26e+00,
-2.057000e-05,3.26e+00,
-2.056000e-05,3.26e+00,
-2.055000e-05,3.26e+00,
-2.054000e-05,3.26e+00,
-2.053000e-05,3.26e+00,
-2.052000e-05,3.26e+00,
-2.051000e-05,3.26e+00,
-2.050000e-05,3.26e+00,
-2.049000e-05,3.26e+00,
-2.048000e-05,3.26e+00,
-2.047000e-05,3.26e+00,
-2.046000e-05,3.26e+00,
-2.045000e-05,3.26e+00,
-2.044000e-05,3.26e+00,
-2.043000e-05,3.26e+00,
-2.042000e-05,3.26e+00,
-2.041000e-05,3.26e+00,
-2.040000e-05,3.26e+00,
-2.039000e-05,3.26e+00,
-2.038000e-05,3.26e+00,
-2.037000e-05,3.26e+00,
-2.036000e-05,3.26e+00,
-2.035000e-05,3.26e+00,
-2.034000e-05,3.26e+00,
-2.033000e-05,3.26e+00,
-2.032000e-05,3.26e+00,
-2.031000e-05,3.26e+00,
-2.030000e-05,3.26e+00,
-2.029000e-05,3.26e+00,
-2.028000e-05,3.26e+00,
-2.027000e-05,3.26e+00,
-2.026000e-05,3.26e+00,
-2.025000e-05,3.26e+00,
-2.024000e-05,3.26e+00,
-2.023000e-05,3.26e+00,
-2.022000e-05,3.26e+00,
-2.021000e-05,3.26e+00,
-2.020000e-05,3.26e+00,
-2.019000e-05,3.26e+00,
-2.018000e-05,3.26e+00,
-2.017000e-05,3.26e+00,
-2.016000e-05,3.26e+00,
-2.015000e-05,3.26e+00,
-2.014000e-05,3.26e+00,
-2.013000e-05,3.26e+00,
-2.012000e-05,3.26e+00,
-2.011000e-05,3.26e+00,
-2.010000e-05,3.26e+00,
-2.009000e-05,3.26e+00,
-2.008000e-05,3.26e+00,
-2.007000e-05,3.26e+00,
-2.006000e-05,3.26e+00,
-2.005000e-05,3.26e+00,
-2.004000e-05,3.26e+00,
-2.003000e-05,3.26e+00,
-2.002000e-05,3.26e+00,
-2.001000e-05,3.26e+00,
-2.000000e-05,3.26e+00,
-1.999000e-05,3.26e+00,
-1.998000e-05,3.26e+00,
-1.997000e-05,3.26e+00,
-1.996000e-05,3.26e+00,
-1.995000e-05,3.26e+00,
-1.994000e-05,3.26e+00,
-1.993000e-05,3.26e+00,
-1.992000e-05,3.26e+00,
-1.991000e-05,3.26e+00,
-1.990000e-05,3.26e+00,
-1.989000e-05,3.26e+00,
-1.988000e-05,3.26e+00,
-1.987000e-05,3.26e+00,
-1.986000e-05,3.26e+00,
-1.985000e-05,3.26e+00,
-1.984000e-05,3.26e+00,
-1.983000e-05,3.26e+00,
-1.982000e-05,3.26e+00,
-1.981000e-05,3.26e+00,
-1.980000e-05,3.26e+00,
-1.979000e-05,3.26e+00,
-1.978000e-05,3.26e+00,
-1.977000e-05,3.26e+00,
-1.976000e-05,3.26e+00,
-1.975000e-05,3.26e+00,
-1.974000e-05,3.26e+00,
-1.973000e-05,3.26e+00,
-1.972000e-05,3.26e+00,
-1.971000e-05,3.26e+00,
-1.970000e-05,3.26e+00,
-1.969000e-05,3.26e+00,
-1.968000e-05,3.26e+00,
-1.967000e-05,3.26e+00,
-1.966000e-05,3.26e+00,
-1.965000e-05,3.26e+00,
-1.964000e-05,3.26e+00,
-1.963000e-05,3.26e+00,
-1.962000e-05,3.26e+00,
-1.961000e-05,3.26e+00,
-1.960000e-05,3.26e+00,
-1.959000e-05,3.26e+00,
-1.958000e-05,3.26e+00,
-1.957000e-05,3.26e+00,
-1.956000e-05,3.26e+00,
-1.955000e-05,3.26e+00,
-1.954000e-05,3.26e+00,
-1.953000e-05,3.26e+00,
-1.952000e-05,3.26e+00,
-1.951000e-05,3.26e+00,
-1.950000e-05,3.26e+00,
-1.949000e-05,3.26e+00,
-1.948000e-05,3.26e+00,
-1.947000e-05,3.26e+00,
-1.946000e-05,3.26e+00,
-1.945000e-05,3.26e+00,
-1.944000e-05,3.26e+00,
-1.943000e-05,3.26e+00,
-1.942000e-05,3.26e+00,
-1.941000e-05,3.26e+00,
-1.940000e-05,3.26e+00,
-1.939000e-05,3.26e+00,
-1.938000e-05,3.26e+00,
-1.937000e-05,3.26e+00,
-1.936000e-05,3.26e+00,
-1.935000e-05,3.26e+00,
-1.934000e-05,3.26e+00,
-1.933000e-05,3.26e+00,
-1.932000e-05,3.26e+00,
-1.931000e-05,3.26e+00,
-1.930000e-05,3.26e+00,
-1.929000e-05,3.26e+00,
-1.928000e-05,3.26e+00,
-1.927000e-05,3.26e+00,
-1.926000e-05,3.26e+00,
-1.925000e-05,3.26e+00,
-1.924000e-05,3.26e+00,
-1.923000e-05,3.26e+00,
-1.922000e-05,3.26e+00,
-1.921000e-05,3.26e+00,
-1.920000e-05,3.26e+00,
-1.919000e-05,3.26e+00,
-1.918000e-05,3.26e+00,
-1.917000e-05,3.26e+00,
-1.916000e-05,3.26e+00,
-1.915000e-05,3.26e+00,
-1.914000e-05,3.26e+00,
-1.913000e-05,3.26e+00,
-1.912000e-05,3.26e+00,
-1.911000e-05,3.26e+00,
-1.910000e-05,3.26e+00,
-1.909000e-05,3.26e+00,
-1.908000e-05,3.26e+00,
-1.907000e-05,3.26e+00,
-1.906000e-05,3.26e+00,
-1.905000e-05,3.26e+00,
-1.904000e-05,3.26e+00,
-1.903000e-05,3.26e+00,
-1.902000e-05,3.26e+00,
-1.901000e-05,3.26e+00,
-1.900000e-05,3.26e+00,
-1.899000e-05,3.26e+00,
-1.898000e-05,3.26e+00,
-1.897000e-05,3.26e+00,
-1.896000e-05,3.26e+00,
-1.895000e-05,3.26e+00,
-1.894000e-05,3.26e+00,
-1.893000e-05,3.26e+00,
-1.892000e-05,3.26e+00,
-1.891000e-05,3.26e+00,
-1.890000e-05,3.26e+00,
-1.889000e-05,3.26e+00,
-1.888000e-05,3.26e+00,
-1.887000e-05,3.26e+00,
-1.886000e-05,3.26e+00,
-1.885000e-05,3.26e+00,
-1.884000e-05,3.26e+00,
-1.883000e-05,3.26e+00,
-1.882000e-05,3.26e+00,
-1.881000e-05,3.26e+00,
-1.880000e-05,3.26e+00,
-1.879000e-05,3.26e+00,
-1.878000e-05,3.26e+00,
-1.877000e-05,3.26e+00,
-1.876000e-05,3.26e+00,
-1.875000e-05,3.26e+00,
-1.874000e-05,3.26e+00,
-1.873000e-05,3.26e+00,
-1.872000e-05,3.26e+00,
-1.871000e-05,3.26e+00,
-1.870000e-05,3.26e+00,
-1.869000e-05,3.26e+00,
-1.868000e-05,3.26e+00,
-1.867000e-05,3.26e+00,
-1.866000e-05,3.26e+00,
-1.865000e-05,3.26e+00,
-1.864000e-05,3.26e+00,
-1.863000e-05,3.26e+00,
-1.862000e-05,3.26e+00,
-1.861000e-05,3.26e+00,
-1.860000e-05,3.26e+00,
-1.859000e-05,3.26e+00,
-1.858000e-05,3.26e+00,
-1.857000e-05,3.26e+00,
-1.856000e-05,3.26e+00,
-1.855000e-05,3.26e+00,
-1.854000e-05,3.26e+00,
-1.853000e-05,3.26e+00,
-1.852000e-05,3.26e+00,
-1.851000e-05,3.26e+00,
-1.850000e-05,3.26e+00,
-1.849000e-05,3.26e+00,
-1.848000e-05,3.26e+00,
-1.847000e-05,3.26e+00,
-1.846000e-05,3.26e+00,
-1.845000e-05,3.26e+00,
-1.844000e-05,3.26e+00,
-1.843000e-05,3.26e+00,
-1.842000e-05,3.26e+00,
-1.841000e-05,3.26e+00,
-1.840000e-05,3.26e+00,
-1.839000e-05,3.26e+00,
-1.838000e-05,3.26e+00,
-1.837000e-05,3.26e+00,
-1.836000e-05,3.26e+00,
-1.835000e-05,3.26e+00,
-1.834000e-05,3.26e+00,
-1.833000e-05,3.26e+00,
-1.832000e-05,3.26e+00,
-1.831000e-05,3.26e+00,
-1.830000e-05,3.26e+00,
-1.829000e-05,3.26e+00,
-1.828000e-05,3.26e+00,
-1.827000e-05,3.26e+00,
-1.826000e-05,3.26e+00,
-1.825000e-05,3.26e+00,
-1.824000e-05,3.26e+00,
-1.823000e-05,3.26e+00,
-1.822000e-05,3.26e+00,
-1.821000e-05,3.26e+00,
-1.820000e-05,3.26e+00,
-1.819000e-05,3.26e+00,
-1.818000e-05,3.26e+00,
-1.817000e-05,3.26e+00,
-1.816000e-05,3.26e+00,
-1.815000e-05,3.26e+00,
-1.814000e-05,3.26e+00,
-1.813000e-05,3.26e+00,
-1.812000e-05,3.26e+00,
-1.811000e-05,3.26e+00,
-1.810000e-05,3.26e+00,
-1.809000e-05,3.26e+00,
-1.808000e-05,3.26e+00,
-1.807000e-05,3.26e+00,
-1.806000e-05,3.26e+00,
-1.805000e-05,3.26e+00,
-1.804000e-05,3.26e+00,
-1.803000e-05,3.26e+00,
-1.802000e-05,3.26e+00,
-1.801000e-05,3.26e+00,
-1.800000e-05,3.26e+00,
-1.799000e-05,3.26e+00,
-1.798000e-05,3.26e+00,
-1.797000e-05,3.26e+00,
-1.796000e-05,3.26e+00,
-1.795000e-05,3.26e+00,
-1.794000e-05,3.26e+00,
-1.793000e-05,3.26e+00,
-1.792000e-05,3.26e+00,
-1.791000e-05,3.26e+00,
-1.790000e-05,3.26e+00,
-1.789000e-05,3.26e+00,
-1.788000e-05,3.26e+00,
-1.787000e-05,3.26e+00,
-1.786000e-05,3.26e+00,
-1.785000e-05,3.26e+00,
-1.784000e-05,3.26e+00,
-1.783000e-05,3.26e+00,
-1.782000e-05,3.26e+00,
-1.781000e-05,3.26e+00,
-1.780000e-05,3.26e+00,
-1.779000e-05,3.26e+00,
-1.778000e-05,3.26e+00,
-1.777000e-05,3.26e+00,
-1.776000e-05,3.26e+00,
-1.775000e-05,3.26e+00,
-1.774000e-05,3.26e+00,
-1.773000e-05,3.26e+00,
-1.772000e-05,3.26e+00,
-1.771000e-05,3.26e+00,
-1.770000e-05,3.26e+00,
-1.769000e-05,3.26e+00,
-1.768000e-05,3.26e+00,
-1.767000e-05,3.26e+00,
-1.766000e-05,3.26e+00,
-1.765000e-05,3.26e+00,
-1.764000e-05,3.26e+00,
-1.763000e-05,3.26e+00,
-1.762000e-05,3.26e+00,
-1.761000e-05,3.26e+00,
-1.760000e-05,3.26e+00,
-1.759000e-05,3.26e+00,
-1.758000e-05,3.26e+00,
-1.757000e-05,3.26e+00,
-1.756000e-05,3.26e+00,
-1.755000e-05,3.26e+00,
-1.754000e-05,3.26e+00,
-1.753000e-05,3.26e+00,
-1.752000e-05,3.26e+00,
-1.751000e-05,3.26e+00,
-1.750000e-05,3.26e+00,
-1.749000e-05,3.26e+00,
-1.748000e-05,3.26e+00,
-1.747000e-05,3.26e+00,
-1.746000e-05,3.26e+00,
-1.745000e-05,3.26e+00,
-1.744000e-05,3.26e+00,
-1.743000e-05,3.26e+00,
-1.742000e-05,3.26e+00,
-1.741000e-05,3.26e+00,
-1.740000e-05,3.26e+00,
-1.739000e-05,3.26e+00,
-1.738000e-05,3.26e+00,
-1.737000e-05,3.26e+00,
-1.736000e-05,3.26e+00,
-1.735000e-05,3.26e+00,
-1.734000e-05,3.26e+00,
-1.733000e-05,3.26e+00,
-1.732000e-05,3.26e+00,
-1.731000e-05,3.26e+00,
-1.730000e-05,3.26e+00,
-1.729000e-05,3.26e+00,
-1.728000e-05,3.26e+00,
-1.727000e-05,3.26e+00,
-1.726000e-05,3.26e+00,
-1.725000e-05,3.26e+00,
-1.724000e-05,3.26e+00,
-1.723000e-05,3.26e+00,
-1.722000e-05,3.26e+00,
-1.721000e-05,3.26e+00,
-1.720000e-05,3.26e+00,
-1.719000e-05,3.26e+00,
-1.718000e-05,3.26e+00,
-1.717000e-05,3.26e+00,
-1.716000e-05,3.26e+00,
-1.715000e-05,3.26e+00,
-1.714000e-05,3.26e+00,
-1.713000e-05,3.26e+00,
-1.712000e-05,3.26e+00,
-1.711000e-05,3.26e+00,
-1.710000e-05,3.26e+00,
-1.709000e-05,3.26e+00,
-1.708000e-05,3.26e+00,
-1.707000e-05,3.26e+00,
-1.706000e-05,3.26e+00,
-1.705000e-05,3.26e+00,
-1.704000e-05,3.26e+00,
-1.703000e-05,3.26e+00,
-1.702000e-05,3.26e+00,
-1.701000e-05,3.26e+00,
-1.700000e-05,3.26e+00,
-1.699000e-05,3.26e+00,
-1.698000e-05,3.26e+00,
-1.697000e-05,3.26e+00,
-1.696000e-05,3.26e+00,
-1.695000e-05,3.26e+00,
-1.694000e-05,3.26e+00,
-1.693000e-05,3.26e+00,
-1.692000e-05,3.26e+00,
-1.691000e-05,3.26e+00,
-1.690000e-05,3.26e+00,
-1.689000e-05,3.26e+00,
-1.688000e-05,3.26e+00,
-1.687000e-05,3.26e+00,
-1.686000e-05,3.26e+00,
-1.685000e-05,3.26e+00,
-1.684000e-05,3.26e+00,
-1.683000e-05,3.26e+00,
-1.682000e-05,3.26e+00,
-1.681000e-05,3.26e+00,
-1.680000e-05,3.26e+00,
-1.679000e-05,3.26e+00,
-1.678000e-05,3.26e+00,
-1.677000e-05,3.26e+00,
-1.676000e-05,3.26e+00,
-1.675000e-05,3.26e+00,
-1.674000e-05,3.26e+00,
-1.673000e-05,3.26e+00,
-1.672000e-05,3.26e+00,
-1.671000e-05,3.26e+00,
-1.670000e-05,3.26e+00,
-1.669000e-05,3.26e+00,
-1.668000e-05,3.26e+00,
-1.667000e-05,3.26e+00,
-1.666000e-05,3.26e+00,
-1.665000e-05,3.26e+00,
-1.664000e-05,3.26e+00,
-1.663000e-05,3.26e+00,
-1.662000e-05,3.26e+00,
-1.661000e-05,3.26e+00,
-1.660000e-05,3.26e+00,
-1.659000e-05,3.26e+00,
-1.658000e-05,3.26e+00,
-1.657000e-05,3.26e+00,
-1.656000e-05,3.26e+00,
-1.655000e-05,3.26e+00,
-1.654000e-05,3.26e+00,
-1.653000e-05,3.26e+00,
-1.652000e-05,3.26e+00,
-1.651000e-05,3.26e+00,
-1.650000e-05,3.26e+00,
-1.649000e-05,3.26e+00,
-1.648000e-05,3.26e+00,
-1.647000e-05,3.26e+00,
-1.646000e-05,3.26e+00,
-1.645000e-05,3.26e+00,
-1.644000e-05,3.26e+00,
-1.643000e-05,3.26e+00,
-1.642000e-05,3.26e+00,
-1.641000e-05,3.26e+00,
-1.640000e-05,3.26e+00,
-1.639000e-05,3.26e+00,
-1.638000e-05,3.26e+00,
-1.637000e-05,3.26e+00,
-1.636000e-05,3.26e+00,
-1.635000e-05,3.26e+00,
-1.634000e-05,3.26e+00,
-1.633000e-05,3.26e+00,
-1.632000e-05,3.26e+00,
-1.631000e-05,3.26e+00,
-1.630000e-05,3.26e+00,
-1.629000e-05,3.26e+00,
-1.628000e-05,3.26e+00,
-1.627000e-05,3.26e+00,
-1.626000e-05,3.26e+00,
-1.625000e-05,3.26e+00,
-1.624000e-05,3.26e+00,
-1.623000e-05,3.26e+00,
-1.622000e-05,3.26e+00,
-1.621000e-05,3.26e+00,
-1.620000e-05,3.26e+00,
-1.619000e-05,3.26e+00,
-1.618000e-05,3.26e+00,
-1.617000e-05,3.26e+00,
-1.616000e-05,3.26e+00,
-1.615000e-05,3.26e+00,
-1.614000e-05,3.26e+00,
-1.613000e-05,3.26e+00,
-1.612000e-05,3.26e+00,
-1.611000e-05,3.26e+00,
-1.610000e-05,3.26e+00,
-1.609000e-05,3.26e+00,
-1.608000e-05,3.26e+00,
-1.607000e-05,3.26e+00,
-1.606000e-05,3.26e+00,
-1.605000e-05,3.26e+00,
-1.604000e-05,3.26e+00,
-1.603000e-05,3.26e+00,
-1.602000e-05,3.26e+00,
-1.601000e-05,3.26e+00,
-1.600000e-05,3.26e+00,
-1.599000e-05,3.26e+00,
-1.598000e-05,3.26e+00,
-1.597000e-05,3.26e+00,
-1.596000e-05,3.26e+00,
-1.595000e-05,3.26e+00,
-1.594000e-05,3.26e+00,
-1.593000e-05,3.26e+00,
-1.592000e-05,3.26e+00,
-1.591000e-05,3.26e+00,
-1.590000e-05,3.26e+00,
-1.589000e-05,3.26e+00,
-1.588000e-05,3.26e+00,
-1.587000e-05,3.26e+00,
-1.586000e-05,3.26e+00,
-1.585000e-05,3.26e+00,
-1.584000e-05,3.26e+00,
-1.583000e-05,3.26e+00,
-1.582000e-05,3.26e+00,
-1.581000e-05,3.26e+00,
-1.580000e-05,3.26e+00,
-1.579000e-05,3.26e+00,
-1.578000e-05,3.26e+00,
-1.577000e-05,3.26e+00,
-1.576000e-05,3.26e+00,
-1.575000e-05,3.26e+00,
-1.574000e-05,3.26e+00,
-1.573000e-05,3.26e+00,
-1.572000e-05,3.26e+00,
-1.571000e-05,3.26e+00,
-1.570000e-05,3.26e+00,
-1.569000e-05,3.26e+00,
-1.568000e-05,3.26e+00,
-1.567000e-05,3.26e+00,
-1.566000e-05,3.26e+00,
-1.565000e-05,3.26e+00,
-1.564000e-05,3.26e+00,
-1.563000e-05,3.26e+00,
-1.562000e-05,3.26e+00,
-1.561000e-05,3.26e+00,
-1.560000e-05,3.26e+00,
-1.559000e-05,3.26e+00,
-1.558000e-05,3.26e+00,
-1.557000e-05,3.26e+00,
-1.556000e-05,3.26e+00,
-1.555000e-05,3.26e+00,
-1.554000e-05,3.26e+00,
-1.553000e-05,3.26e+00,
-1.552000e-05,3.26e+00,
-1.551000e-05,3.26e+00,
-1.550000e-05,3.26e+00,
-1.549000e-05,3.26e+00,
-1.548000e-05,3.26e+00,
-1.547000e-05,3.26e+00,
-1.546000e-05,3.26e+00,
-1.545000e-05,3.26e+00,
-1.544000e-05,3.26e+00,
-1.543000e-05,3.26e+00,
-1.542000e-05,3.26e+00,
-1.541000e-05,3.26e+00,
-1.540000e-05,3.26e+00,
-1.539000e-05,3.26e+00,
-1.538000e-05,3.26e+00,
-1.537000e-05,3.26e+00,
-1.536000e-05,3.26e+00,
-1.535000e-05,3.26e+00,
-1.534000e-05,3.26e+00,
-1.533000e-05,3.26e+00,
-1.532000e-05,3.26e+00,
-1.531000e-05,3.26e+00,
-1.530000e-05,3.26e+00,
-1.529000e-05,3.26e+00,
-1.528000e-05,3.26e+00,
-1.527000e-05,3.26e+00,
-1.526000e-05,3.26e+00,
-1.525000e-05,3.26e+00,
-1.524000e-05,3.26e+00,
-1.523000e-05,3.26e+00,
-1.522000e-05,3.26e+00,
-1.521000e-05,3.26e+00,
-1.520000e-05,3.26e+00,
-1.519000e-05,3.26e+00,
-1.518000e-05,3.26e+00,
-1.517000e-05,3.26e+00,
-1.516000e-05,3.26e+00,
-1.515000e-05,3.26e+00,
-1.514000e-05,3.26e+00,
-1.513000e-05,3.26e+00,
-1.512000e-05,3.26e+00,
-1.511000e-05,3.26e+00,
-1.510000e-05,3.26e+00,
-1.509000e-05,3.26e+00,
-1.508000e-05,3.26e+00,
-1.507000e-05,3.26e+00,
-1.506000e-05,3.26e+00,
-1.505000e-05,3.26e+00,
-1.504000e-05,3.26e+00,
-1.503000e-05,3.26e+00,
-1.502000e-05,3.26e+00,
-1.501000e-05,3.26e+00,
-1.500000e-05,3.26e+00,
-1.499000e-05,3.26e+00,
-1.498000e-05,3.26e+00,
-1.497000e-05,3.26e+00,
-1.496000e-05,3.26e+00,
-1.495000e-05,3.26e+00,
-1.494000e-05,3.26e+00,
-1.493000e-05,3.26e+00,
-1.492000e-05,3.26e+00,
-1.491000e-05,3.26e+00,
-1.490000e-05,3.26e+00,
-1.489000e-05,3.26e+00,
-1.488000e-05,3.26e+00,
-1.487000e-05,3.26e+00,
-1.486000e-05,3.26e+00,
-1.485000e-05,3.26e+00,
-1.484000e-05,3.26e+00,
-1.483000e-05,3.26e+00,
-1.482000e-05,3.26e+00,
-1.481000e-05,3.26e+00,
-1.480000e-05,3.26e+00,
-1.479000e-05,3.26e+00,
-1.478000e-05,3.26e+00,
-1.477000e-05,3.26e+00,
-1.476000e-05,3.26e+00,
-1.475000e-05,3.26e+00,
-1.474000e-05,3.26e+00,
-1.473000e-05,3.26e+00,
-1.472000e-05,3.26e+00,
-1.471000e-05,3.26e+00,
-1.470000e-05,3.26e+00,
-1.469000e-05,3.26e+00,
-1.468000e-05,3.26e+00,
-1.467000e-05,3.26e+00,
-1.466000e-05,3.26e+00,
-1.465000e-05,3.26e+00,
-1.464000e-05,3.26e+00,
-1.463000e-05,3.26e+00,
-1.462000e-05,3.26e+00,
-1.461000e-05,3.26e+00,
-1.460000e-05,3.26e+00,
-1.459000e-05,3.26e+00,
-1.458000e-05,3.26e+00,
-1.457000e-05,3.26e+00,
-1.456000e-05,3.26e+00,
-1.455000e-05,3.26e+00,
-1.454000e-05,3.26e+00,
-1.453000e-05,3.26e+00,
-1.452000e-05,3.26e+00,
-1.451000e-05,3.26e+00,
-1.450000e-05,3.26e+00,
-1.449000e-05,3.26e+00,
-1.448000e-05,3.26e+00,
-1.447000e-05,3.26e+00,
-1.446000e-05,3.26e+00,
-1.445000e-05,3.26e+00,
-1.444000e-05,3.26e+00,
-1.443000e-05,3.26e+00,
-1.442000e-05,3.26e+00,
-1.441000e-05,3.26e+00,
-1.440000e-05,3.26e+00,
-1.439000e-05,3.26e+00,
-1.438000e-05,3.26e+00,
-1.437000e-05,3.26e+00,
-1.436000e-05,3.26e+00,
-1.435000e-05,3.26e+00,
-1.434000e-05,3.26e+00,
-1.433000e-05,3.26e+00,
-1.432000e-05,3.26e+00,
-1.431000e-05,3.26e+00,
-1.430000e-05,3.26e+00,
-1.429000e-05,3.26e+00,
-1.428000e-05,3.26e+00,
-1.427000e-05,3.26e+00,
-1.426000e-05,3.26e+00,
-1.425000e-05,3.26e+00,
-1.424000e-05,3.26e+00,
-1.423000e-05,3.26e+00,
-1.422000e-05,3.26e+00,
-1.421000e-05,3.26e+00,
-1.420000e-05,3.26e+00,
-1.419000e-05,3.26e+00,
-1.418000e-05,3.26e+00,
-1.417000e-05,3.26e+00,
-1.416000e-05,3.26e+00,
-1.415000e-05,3.26e+00,
-1.414000e-05,3.26e+00,
-1.413000e-05,3.26e+00,
-1.412000e-05,3.26e+00,
-1.411000e-05,3.26e+00,
-1.410000e-05,3.26e+00,
-1.409000e-05,3.26e+00,
-1.408000e-05,3.26e+00,
-1.407000e-05,3.26e+00,
-1.406000e-05,3.26e+00,
-1.405000e-05,3.26e+00,
-1.404000e-05,3.26e+00,
-1.403000e-05,3.26e+00,
-1.402000e-05,3.26e+00,
-1.401000e-05,3.26e+00,
-1.400000e-05,3.26e+00,
-1.399000e-05,3.26e+00,
-1.398000e-05,3.26e+00,
-1.397000e-05,3.26e+00,
-1.396000e-05,3.26e+00,
-1.395000e-05,3.26e+00,
-1.394000e-05,3.26e+00,
-1.393000e-05,3.26e+00,
-1.392000e-05,3.26e+00,
-1.391000e-05,3.26e+00,
-1.390000e-05,3.26e+00,
-1.389000e-05,3.26e+00,
-1.388000e-05,3.26e+00,
-1.387000e-05,3.26e+00,
-1.386000e-05,3.26e+00,
-1.385000e-05,3.26e+00,
-1.384000e-05,3.26e+00,
-1.383000e-05,3.26e+00,
-1.382000e-05,3.26e+00,
-1.381000e-05,3.26e+00,
-1.380000e-05,3.26e+00,
-1.379000e-05,3.26e+00,
-1.378000e-05,3.26e+00,
-1.377000e-05,3.26e+00,
-1.376000e-05,3.26e+00,
-1.375000e-05,3.26e+00,
-1.374000e-05,3.26e+00,
-1.373000e-05,3.26e+00,
-1.372000e-05,3.26e+00,
-1.371000e-05,3.26e+00,
-1.370000e-05,3.26e+00,
-1.369000e-05,3.26e+00,
-1.368000e-05,3.26e+00,
-1.367000e-05,3.26e+00,
-1.366000e-05,3.26e+00,
-1.365000e-05,3.26e+00,
-1.364000e-05,3.26e+00,
-1.363000e-05,3.26e+00,
-1.362000e-05,3.26e+00,
-1.361000e-05,3.26e+00,
-1.360000e-05,3.26e+00,
-1.359000e-05,3.26e+00,
-1.358000e-05,3.26e+00,
-1.357000e-05,3.26e+00,
-1.356000e-05,3.26e+00,
-1.355000e-05,3.26e+00,
-1.354000e-05,3.26e+00,
-1.353000e-05,3.26e+00,
-1.352000e-05,3.26e+00,
-1.351000e-05,3.26e+00,
-1.350000e-05,3.26e+00,
-1.349000e-05,3.26e+00,
-1.348000e-05,3.26e+00,
-1.347000e-05,3.26e+00,
-1.346000e-05,3.26e+00,
-1.345000e-05,3.26e+00,
-1.344000e-05,3.26e+00,
-1.343000e-05,3.26e+00,
-1.342000e-05,3.26e+00,
-1.341000e-05,3.26e+00,
-1.340000e-05,3.26e+00,
-1.339000e-05,3.26e+00,
-1.338000e-05,3.26e+00,
-1.337000e-05,3.26e+00,
-1.336000e-05,3.26e+00,
-1.335000e-05,3.26e+00,
-1.334000e-05,3.26e+00,
-1.333000e-05,3.26e+00,
-1.332000e-05,3.26e+00,
-1.331000e-05,3.26e+00,
-1.330000e-05,3.26e+00,
-1.329000e-05,3.26e+00,
-1.328000e-05,3.26e+00,
-1.327000e-05,3.26e+00,
-1.326000e-05,3.26e+00,
-1.325000e-05,3.26e+00,
-1.324000e-05,3.26e+00,
-1.323000e-05,3.26e+00,
-1.322000e-05,3.26e+00,
-1.321000e-05,3.26e+00,
-1.320000e-05,3.26e+00,
-1.319000e-05,3.26e+00,
-1.318000e-05,3.26e+00,
-1.317000e-05,3.26e+00,
-1.316000e-05,3.26e+00,
-1.315000e-05,3.26e+00,
-1.314000e-05,3.26e+00,
-1.313000e-05,3.26e+00,
-1.312000e-05,3.26e+00,
-1.311000e-05,3.26e+00,
-1.310000e-05,3.26e+00,
-1.309000e-05,3.26e+00,
-1.308000e-05,3.26e+00,
-1.307000e-05,3.26e+00,
-1.306000e-05,3.26e+00,
-1.305000e-05,3.26e+00,
-1.304000e-05,3.26e+00,
-1.303000e-05,3.26e+00,
-1.302000e-05,3.26e+00,
-1.301000e-05,3.26e+00,
-1.300000e-05,3.26e+00,
-1.299000e-05,3.26e+00,
-1.298000e-05,3.26e+00,
-1.297000e-05,3.26e+00,
-1.296000e-05,3.26e+00,
-1.295000e-05,3.26e+00,
-1.294000e-05,3.26e+00,
-1.293000e-05,3.26e+00,
-1.292000e-05,3.26e+00,
-1.291000e-05,3.26e+00,
-1.290000e-05,3.26e+00,
-1.289000e-05,3.26e+00,
-1.288000e-05,3.26e+00,
-1.287000e-05,3.26e+00,
-1.286000e-05,3.26e+00,
-1.285000e-05,3.26e+00,
-1.284000e-05,3.26e+00,
-1.283000e-05,3.26e+00,
-1.282000e-05,3.26e+00,
-1.281000e-05,3.26e+00,
-1.280000e-05,3.26e+00,
-1.279000e-05,3.26e+00,
-1.278000e-05,3.26e+00,
-1.277000e-05,3.26e+00,
-1.276000e-05,3.26e+00,
-1.275000e-05,3.26e+00,
-1.274000e-05,3.26e+00,
-1.273000e-05,3.26e+00,
-1.272000e-05,3.26e+00,
-1.271000e-05,3.26e+00,
-1.270000e-05,3.26e+00,
-1.269000e-05,3.26e+00,
-1.268000e-05,3.26e+00,
-1.267000e-05,3.26e+00,
-1.266000e-05,3.26e+00,
-1.265000e-05,3.26e+00,
-1.264000e-05,3.26e+00,
-1.263000e-05,3.26e+00,
-1.262000e-05,3.26e+00,
-1.261000e-05,3.26e+00,
-1.260000e-05,3.26e+00,
-1.259000e-05,3.26e+00,
-1.258000e-05,3.26e+00,
-1.257000e-05,3.26e+00,
-1.256000e-05,3.26e+00,
-1.255000e-05,3.26e+00,
-1.254000e-05,3.26e+00,
-1.253000e-05,3.26e+00,
-1.252000e-05,3.26e+00,
-1.251000e-05,3.26e+00,
-1.250000e-05,3.26e+00,
-1.249000e-05,3.26e+00,
-1.248000e-05,3.26e+00,
-1.247000e-05,3.26e+00,
-1.246000e-05,3.26e+00,
-1.245000e-05,3.26e+00,
-1.244000e-05,3.26e+00,
-1.243000e-05,3.26e+00,
-1.242000e-05,3.26e+00,
-1.241000e-05,3.26e+00,
-1.240000e-05,3.26e+00,
-1.239000e-05,3.26e+00,
-1.238000e-05,3.26e+00,
-1.237000e-05,3.26e+00,
-1.236000e-05,3.26e+00,
-1.235000e-05,3.26e+00,
-1.234000e-05,3.26e+00,
-1.233000e-05,3.26e+00,
-1.232000e-05,3.26e+00,
-1.231000e-05,3.26e+00,
-1.230000e-05,3.26e+00,
-1.229000e-05,3.26e+00,
-1.228000e-05,3.26e+00,
-1.227000e-05,3.26e+00,
-1.226000e-05,3.26e+00,
-1.225000e-05,3.26e+00,
-1.224000e-05,3.26e+00,
-1.223000e-05,3.26e+00,
-1.222000e-05,3.26e+00,
-1.221000e-05,3.26e+00,
-1.220000e-05,3.26e+00,
-1.219000e-05,3.26e+00,
-1.218000e-05,3.26e+00,
-1.217000e-05,3.26e+00,
-1.216000e-05,3.26e+00,
-1.215000e-05,3.26e+00,
-1.214000e-05,3.26e+00,
-1.213000e-05,3.26e+00,
-1.212000e-05,3.26e+00,
-1.211000e-05,3.26e+00,
-1.210000e-05,3.26e+00,
-1.209000e-05,3.26e+00,
-1.208000e-05,3.26e+00,
-1.207000e-05,3.26e+00,
-1.206000e-05,3.26e+00,
-1.205000e-05,3.26e+00,
-1.204000e-05,3.26e+00,
-1.203000e-05,3.26e+00,
-1.202000e-05,3.26e+00,
-1.201000e-05,3.26e+00,
-1.200000e-05,3.26e+00,
-1.199000e-05,3.26e+00,
-1.198000e-05,3.26e+00,
-1.197000e-05,3.26e+00,
-1.196000e-05,3.26e+00,
-1.195000e-05,3.26e+00,
-1.194000e-05,3.26e+00,
-1.193000e-05,3.26e+00,
-1.192000e-05,3.26e+00,
-1.191000e-05,3.26e+00,
-1.190000e-05,3.26e+00,
-1.189000e-05,3.26e+00,
-1.188000e-05,3.26e+00,
-1.187000e-05,3.26e+00,
-1.186000e-05,3.26e+00,
-1.185000e-05,3.26e+00,
-1.184000e-05,3.26e+00,
-1.183000e-05,3.26e+00,
-1.182000e-05,3.26e+00,
-1.181000e-05,3.26e+00,
-1.180000e-05,3.26e+00,
-1.179000e-05,3.26e+00,
-1.178000e-05,3.26e+00,
-1.177000e-05,3.26e+00,
-1.176000e-05,3.26e+00,
-1.175000e-05,3.26e+00,
-1.174000e-05,3.26e+00,
-1.173000e-05,3.26e+00,
-1.172000e-05,3.26e+00,
-1.171000e-05,3.26e+00,
-1.170000e-05,3.26e+00,
-1.169000e-05,3.26e+00,
-1.168000e-05,3.26e+00,
-1.167000e-05,3.26e+00,
-1.166000e-05,3.26e+00,
-1.165000e-05,3.26e+00,
-1.164000e-05,3.26e+00,
-1.163000e-05,3.26e+00,
-1.162000e-05,3.26e+00,
-1.161000e-05,3.26e+00,
-1.160000e-05,3.26e+00,
-1.159000e-05,3.26e+00,
-1.158000e-05,3.26e+00,
-1.157000e-05,3.26e+00,
-1.156000e-05,3.26e+00,
-1.155000e-05,3.26e+00,
-1.154000e-05,3.26e+00,
-1.153000e-05,3.26e+00,
-1.152000e-05,3.26e+00,
-1.151000e-05,3.26e+00,
-1.150000e-05,3.26e+00,
-1.149000e-05,3.26e+00,
-1.148000e-05,3.26e+00,
-1.147000e-05,3.26e+00,
-1.146000e-05,3.26e+00,
-1.145000e-05,3.26e+00,
-1.144000e-05,3.26e+00,
-1.143000e-05,3.26e+00,
-1.142000e-05,3.26e+00,
-1.141000e-05,3.26e+00,
-1.140000e-05,3.26e+00,
-1.139000e-05,3.26e+00,
-1.138000e-05,3.26e+00,
-1.137000e-05,3.26e+00,
-1.136000e-05,3.26e+00,
-1.135000e-05,3.26e+00,
-1.134000e-05,3.26e+00,
-1.133000e-05,3.26e+00,
-1.132000e-05,3.26e+00,
-1.131000e-05,3.26e+00,
-1.130000e-05,3.26e+00,
-1.129000e-05,3.26e+00,
-1.128000e-05,3.26e+00,
-1.127000e-05,3.26e+00,
-1.126000e-05,3.26e+00,
-1.125000e-05,3.26e+00,
-1.124000e-05,3.26e+00,
-1.123000e-05,3.26e+00,
-1.122000e-05,3.26e+00,
-1.121000e-05,3.26e+00,
-1.120000e-05,3.26e+00,
-1.119000e-05,3.26e+00,
-1.118000e-05,3.26e+00,
-1.117000e-05,3.26e+00,
-1.116000e-05,3.26e+00,
-1.115000e-05,3.26e+00,
-1.114000e-05,3.26e+00,
-1.113000e-05,3.26e+00,
-1.112000e-05,3.26e+00,
-1.111000e-05,3.26e+00,
-1.110000e-05,3.26e+00,
-1.109000e-05,3.26e+00,
-1.108000e-05,3.26e+00,
-1.107000e-05,3.26e+00,
-1.106000e-05,3.26e+00,
-1.105000e-05,3.26e+00,
-1.104000e-05,3.26e+00,
-1.103000e-05,3.26e+00,
-1.102000e-05,3.26e+00,
-1.101000e-05,3.26e+00,
-1.100000e-05,3.26e+00,
-1.099000e-05,3.26e+00,
-1.098000e-05,3.26e+00,
-1.097000e-05,3.26e+00,
-1.096000e-05,3.26e+00,
-1.095000e-05,3.26e+00,
-1.094000e-05,3.26e+00,
-1.093000e-05,3.26e+00,
-1.092000e-05,3.26e+00,
-1.091000e-05,3.26e+00,
-1.090000e-05,3.26e+00,
-1.089000e-05,3.26e+00,
-1.088000e-05,3.26e+00,
-1.087000e-05,3.26e+00,
-1.086000e-05,3.26e+00,
-1.085000e-05,3.26e+00,
-1.084000e-05,3.26e+00,
-1.083000e-05,3.26e+00,
-1.082000e-05,3.26e+00,
-1.081000e-05,3.26e+00,
-1.080000e-05,3.26e+00,
-1.079000e-05,3.26e+00,
-1.078000e-05,3.26e+00,
-1.077000e-05,3.26e+00,
-1.076000e-05,3.26e+00,
-1.075000e-05,3.26e+00,
-1.074000e-05,3.26e+00,
-1.073000e-05,3.26e+00,
-1.072000e-05,3.26e+00,
-1.071000e-05,3.26e+00,
-1.070000e-05,3.26e+00,
-1.069000e-05,3.26e+00,
-1.068000e-05,3.26e+00,
-1.067000e-05,3.26e+00,
-1.066000e-05,3.26e+00,
-1.065000e-05,3.26e+00,
-1.064000e-05,3.26e+00,
-1.063000e-05,3.26e+00,
-1.062000e-05,3.26e+00,
-1.061000e-05,3.26e+00,
-1.060000e-05,3.26e+00,
-1.059000e-05,3.26e+00,
-1.058000e-05,3.26e+00,
-1.057000e-05,3.26e+00,
-1.056000e-05,3.26e+00,
-1.055000e-05,3.26e+00,
-1.054000e-05,3.26e+00,
-1.053000e-05,3.26e+00,
-1.052000e-05,3.26e+00,
-1.051000e-05,3.26e+00,
-1.050000e-05,3.26e+00,
-1.049000e-05,3.26e+00,
-1.048000e-05,3.26e+00,
-1.047000e-05,3.26e+00,
-1.046000e-05,3.26e+00,
-1.045000e-05,3.26e+00,
-1.044000e-05,3.26e+00,
-1.043000e-05,3.26e+00,
-1.042000e-05,3.26e+00,
-1.041000e-05,3.26e+00,
-1.040000e-05,3.26e+00,
-1.039000e-05,3.26e+00,
-1.038000e-05,3.26e+00,
-1.037000e-05,3.26e+00,
-1.036000e-05,3.26e+00,
-1.035000e-05,3.26e+00,
-1.034000e-05,3.26e+00,
-1.033000e-05,3.26e+00,
-1.032000e-05,3.26e+00,
-1.031000e-05,3.26e+00,
-1.030000e-05,3.26e+00,
-1.029000e-05,3.26e+00,
-1.028000e-05,3.26e+00,
-1.027000e-05,3.26e+00,
-1.026000e-05,3.26e+00,
-1.025000e-05,3.26e+00,
-1.024000e-05,3.26e+00,
-1.023000e-05,3.26e+00,
-1.022000e-05,3.26e+00,
-1.021000e-05,3.26e+00,
-1.020000e-05,3.26e+00,
-1.019000e-05,3.26e+00,
-1.018000e-05,3.26e+00,
-1.017000e-05,3.26e+00,
-1.016000e-05,3.26e+00,
-1.015000e-05,3.26e+00,
-1.014000e-05,3.26e+00,
-1.013000e-05,3.26e+00,
-1.012000e-05,3.26e+00,
-1.011000e-05,3.26e+00,
-1.010000e-05,3.26e+00,
-1.009000e-05,3.26e+00,
-1.008000e-05,3.26e+00,
-1.007000e-05,3.26e+00,
-1.006000e-05,3.26e+00,
-1.005000e-05,3.26e+00,
-1.004000e-05,3.26e+00,
-1.003000e-05,3.26e+00,
-1.002000e-05,3.26e+00,
-1.001000e-05,3.26e+00,
-9.999999e-06,3.26e+00,
-9.989999e-06,3.26e+00,
-9.979999e-06,3.26e+00,
-9.969999e-06,3.26e+00,
-9.959999e-06,3.26e+00,
-9.949999e-06,3.26e+00,
-9.939999e-06,3.26e+00,
-9.929999e-06,3.26e+00,
-9.919999e-06,3.26e+00,
-9.909999e-06,3.26e+00,
-9.899999e-06,3.26e+00,
-9.889999e-06,3.26e+00,
-9.879999e-06,3.26e+00,
-9.869999e-06,3.26e+00,
-9.859999e-06,3.26e+00,
-9.849999e-06,3.26e+00,
-9.839999e-06,3.26e+00,
-9.829999e-06,3.26e+00,
-9.819999e-06,3.26e+00,
-9.809999e-06,3.26e+00,
-9.799999e-06,3.26e+00,
-9.789999e-06,3.26e+00,
-9.779999e-06,3.26e+00,
-9.769999e-06,3.26e+00,
-9.759999e-06,3.26e+00,
-9.749999e-06,3.26e+00,
-9.739999e-06,3.26e+00,
-9.729999e-06,3.26e+00,
-9.719999e-06,3.26e+00,
-9.709999e-06,3.26e+00,
-9.699999e-06,3.26e+00,
-9.689999e-06,3.26e+00,
-9.679999e-06,3.26e+00,
-9.669999e-06,3.26e+00,
-9.659999e-06,3.26e+00,
-9.649999e-06,3.26e+00,
-9.639999e-06,3.26e+00,
-9.629999e-06,3.26e+00,
-9.619999e-06,3.26e+00,
-9.609999e-06,3.26e+00,
-9.599999e-06,3.26e+00,
-9.589999e-06,3.26e+00,
-9.579999e-06,3.26e+00,
-9.569999e-06,3.26e+00,
-9.559999e-06,3.26e+00,
-9.549999e-06,3.26e+00,
-9.539999e-06,3.26e+00,
-9.529999e-06,3.26e+00,
-9.519999e-06,3.26e+00,
-9.509999e-06,3.26e+00,
-9.499999e-06,3.26e+00,
-9.489999e-06,3.26e+00,
-9.479999e-06,3.26e+00,
-9.469999e-06,3.26e+00,
-9.459999e-06,3.26e+00,
-9.449999e-06,3.26e+00,
-9.439999e-06,3.26e+00,
-9.429999e-06,3.26e+00,
-9.419999e-06,3.26e+00,
-9.409999e-06,3.26e+00,
-9.399999e-06,3.26e+00,
-9.389999e-06,3.26e+00,
-9.379999e-06,3.26e+00,
-9.369999e-06,3.26e+00,
-9.359999e-06,3.26e+00,
-9.349999e-06,3.26e+00,
-9.339999e-06,3.26e+00,
-9.329999e-06,3.26e+00,
-9.319999e-06,3.26e+00,
-9.309999e-06,3.26e+00,
-9.299999e-06,3.26e+00,
-9.289999e-06,3.26e+00,
-9.279999e-06,3.26e+00,
-9.269999e-06,3.26e+00,
-9.259999e-06,3.26e+00,
-9.249999e-06,3.26e+00,
-9.239999e-06,3.26e+00,
-9.229999e-06,3.26e+00,
-9.219999e-06,3.26e+00,
-9.209999e-06,3.26e+00,
-9.199999e-06,3.26e+00,
-9.189999e-06,3.26e+00,
-9.179999e-06,3.26e+00,
-9.169999e-06,3.26e+00,
-9.159999e-06,3.26e+00,
-9.149999e-06,3.26e+00,
-9.139999e-06,3.26e+00,
-9.129999e-06,3.26e+00,
-9.119999e-06,3.26e+00,
-9.109999e-06,3.26e+00,
-9.099999e-06,3.26e+00,
-9.089999e-06,3.26e+00,
-9.079999e-06,3.26e+00,
-9.069999e-06,3.26e+00,
-9.059999e-06,3.26e+00,
-9.049999e-06,3.26e+00,
-9.039999e-06,3.26e+00,
-9.029999e-06,3.26e+00,
-9.019999e-06,3.26e+00,
-9.009999e-06,3.26e+00,
-8.999999e-06,3.26e+00,
-8.989999e-06,3.26e+00,
-8.979999e-06,3.26e+00,
-8.969999e-06,3.26e+00,
-8.959999e-06,3.26e+00,
-8.949999e-06,3.26e+00,
-8.939999e-06,3.26e+00,
-8.929999e-06,3.26e+00,
-8.919999e-06,3.26e+00,
-8.909999e-06,3.26e+00,
-8.899999e-06,3.26e+00,
-8.889999e-06,3.26e+00,
-8.879999e-06,3.26e+00,
-8.869999e-06,3.26e+00,
-8.859999e-06,3.26e+00,
-8.849999e-06,3.26e+00,
-8.839999e-06,3.26e+00,
-8.829999e-06,3.26e+00,
-8.819999e-06,3.26e+00,
-8.809999e-06,3.26e+00,
-8.799999e-06,3.26e+00,
-8.789999e-06,3.26e+00,
-8.779999e-06,3.26e+00,
-8.769999e-06,3.26e+00,
-8.759999e-06,3.26e+00,
-8.749999e-06,3.26e+00,
-8.739999e-06,3.26e+00,
-8.729999e-06,3.26e+00,
-8.719999e-06,3.26e+00,
-8.709999e-06,3.26e+00,
-8.699999e-06,3.26e+00,
-8.689999e-06,3.26e+00,
-8.679999e-06,3.26e+00,
-8.669999e-06,3.26e+00,
-8.659999e-06,3.26e+00,
-8.649999e-06,3.26e+00,
-8.639999e-06,3.26e+00,
-8.629999e-06,3.26e+00,
-8.619999e-06,3.26e+00,
-8.609999e-06,3.26e+00,
-8.599999e-06,3.26e+00,
-8.589999e-06,3.26e+00,
-8.579999e-06,3.26e+00,
-8.569999e-06,3.26e+00,
-8.559999e-06,3.26e+00,
-8.549999e-06,3.26e+00,
-8.539999e-06,3.26e+00,
-8.529999e-06,3.26e+00,
-8.519999e-06,3.26e+00,
-8.509999e-06,3.26e+00,
-8.499999e-06,3.26e+00,
-8.489999e-06,3.26e+00,
-8.479999e-06,3.26e+00,
-8.469999e-06,3.26e+00,
-8.459999e-06,3.26e+00,
-8.449999e-06,3.26e+00,
-8.439999e-06,3.26e+00,
-8.429999e-06,3.26e+00,
-8.419999e-06,3.26e+00,
-8.409999e-06,3.26e+00,
-8.399999e-06,3.26e+00,
-8.389999e-06,3.26e+00,
-8.379999e-06,3.26e+00,
-8.369999e-06,3.26e+00,
-8.359999e-06,3.26e+00,
-8.349999e-06,3.26e+00,
-8.339999e-06,3.26e+00,
-8.329999e-06,3.26e+00,
-8.319999e-06,3.26e+00,
-8.309999e-06,3.26e+00,
-8.299999e-06,3.26e+00,
-8.289999e-06,3.26e+00,
-8.279999e-06,3.26e+00,
-8.269999e-06,3.26e+00,
-8.259999e-06,3.26e+00,
-8.249999e-06,3.26e+00,
-8.239999e-06,3.26e+00,
-8.229999e-06,3.26e+00,
-8.219999e-06,3.26e+00,
-8.209999e-06,3.26e+00,
-8.199999e-06,3.26e+00,
-8.189999e-06,3.26e+00,
-8.179999e-06,3.26e+00,
-8.169999e-06,3.26e+00,
-8.159999e-06,3.26e+00,
-8.149999e-06,3.26e+00,
-8.139999e-06,3.26e+00,
-8.129999e-06,3.26e+00,
-8.119999e-06,3.26e+00,
-8.109999e-06,3.26e+00,
-8.099999e-06,3.26e+00,
-8.089999e-06,3.26e+00,
-8.079999e-06,3.26e+00,
-8.069999e-06,3.26e+00,
-8.059999e-06,3.26e+00,
-8.049999e-06,3.26e+00,
-8.039999e-06,3.26e+00,
-8.029999e-06,3.26e+00,
-8.019999e-06,3.26e+00,
-8.009999e-06,3.26e+00,
-7.999999e-06,3.26e+00,
-7.989999e-06,3.26e+00,
-7.979999e-06,3.26e+00,
-7.969999e-06,3.26e+00,
-7.959999e-06,3.26e+00,
-7.949999e-06,3.26e+00,
-7.939999e-06,3.26e+00,
-7.929999e-06,3.26e+00,
-7.919999e-06,3.26e+00,
-7.909999e-06,3.26e+00,
-7.899999e-06,3.26e+00,
-7.889999e-06,3.26e+00,
-7.879999e-06,3.26e+00,
-7.869999e-06,3.26e+00,
-7.859999e-06,3.26e+00,
-7.849999e-06,3.26e+00,
-7.839999e-06,3.26e+00,
-7.829999e-06,3.26e+00,
-7.819999e-06,3.26e+00,
-7.809999e-06,3.26e+00,
-7.799999e-06,3.26e+00,
-7.789999e-06,3.26e+00,
-7.779999e-06,3.26e+00,
-7.769999e-06,3.26e+00,
-7.759999e-06,3.26e+00,
-7.749999e-06,3.26e+00,
-7.739999e-06,3.26e+00,
-7.729999e-06,3.26e+00,
-7.719999e-06,3.26e+00,
-7.709999e-06,3.26e+00,
-7.699999e-06,3.26e+00,
-7.689999e-06,3.26e+00,
-7.679999e-06,3.26e+00,
-7.669999e-06,3.26e+00,
-7.659999e-06,3.26e+00,
-7.649999e-06,3.26e+00,
-7.639999e-06,3.26e+00,
-7.629999e-06,3.26e+00,
-7.619999e-06,3.26e+00,
-7.609999e-06,3.26e+00,
-7.599999e-06,3.26e+00,
-7.589999e-06,3.26e+00,
-7.579999e-06,3.26e+00,
-7.569999e-06,3.26e+00,
-7.559999e-06,3.26e+00,
-7.549999e-06,3.26e+00,
-7.539999e-06,3.26e+00,
-7.529999e-06,3.26e+00,
-7.519999e-06,3.26e+00,
-7.509999e-06,3.26e+00,
-7.499999e-06,3.26e+00,
-7.489999e-06,3.26e+00,
-7.479999e-06,3.26e+00,
-7.469999e-06,3.26e+00,
-7.459999e-06,3.26e+00,
-7.449999e-06,3.26e+00,
-7.439999e-06,3.26e+00,
-7.429999e-06,3.26e+00,
-7.419999e-06,3.26e+00,
-7.409999e-06,3.26e+00,
-7.399999e-06,3.26e+00,
-7.389999e-06,3.26e+00,
-7.379999e-06,3.26e+00,
-7.369999e-06,3.26e+00,
-7.359999e-06,3.26e+00,
-7.349999e-06,3.26e+00,
-7.339999e-06,3.26e+00,
-7.329999e-06,3.26e+00,
-7.319999e-06,3.26e+00,
-7.309999e-06,3.26e+00,
-7.299999e-06,3.26e+00,
-7.289999e-06,3.26e+00,
-7.279999e-06,3.26e+00,
-7.269999e-06,3.26e+00,
-7.259999e-06,3.26e+00,
-7.249999e-06,3.26e+00,
-7.239999e-06,3.26e+00,
-7.229999e-06,3.26e+00,
-7.219999e-06,3.26e+00,
-7.209999e-06,3.26e+00,
-7.199999e-06,3.26e+00,
-7.189999e-06,3.26e+00,
-7.179999e-06,3.26e+00,
-7.169999e-06,3.26e+00,
-7.159999e-06,3.26e+00,
-7.149999e-06,3.26e+00,
-7.139999e-06,3.26e+00,
-7.129999e-06,3.26e+00,
-7.119999e-06,3.26e+00,
-7.109999e-06,3.26e+00,
-7.099999e-06,3.26e+00,
-7.089999e-06,3.26e+00,
-7.079999e-06,3.26e+00,
-7.069999e-06,3.26e+00,
-7.059999e-06,3.26e+00,
-7.049999e-06,3.26e+00,
-7.039999e-06,3.26e+00,
-7.029999e-06,3.26e+00,
-7.019999e-06,3.26e+00,
-7.009999e-06,3.26e+00,
-6.999999e-06,3.26e+00,
-6.989999e-06,3.26e+00,
-6.979999e-06,3.26e+00,
-6.969999e-06,3.26e+00,
-6.959999e-06,3.26e+00,
-6.949999e-06,3.26e+00,
-6.939999e-06,3.26e+00,
-6.929999e-06,3.26e+00,
-6.919999e-06,3.26e+00,
-6.909999e-06,3.26e+00,
-6.899999e-06,3.26e+00,
-6.889999e-06,3.26e+00,
-6.879999e-06,3.26e+00,
-6.869999e-06,3.26e+00,
-6.859999e-06,3.26e+00,
-6.849999e-06,3.26e+00,
-6.839999e-06,3.26e+00,
-6.829999e-06,3.26e+00,
-6.819999e-06,3.26e+00,
-6.809999e-06,3.26e+00,
-6.799999e-06,3.26e+00,
-6.789999e-06,3.26e+00,
-6.779999e-06,3.26e+00,
-6.769999e-06,3.26e+00,
-6.759999e-06,3.26e+00,
-6.749999e-06,3.26e+00,
-6.739999e-06,3.26e+00,
-6.729999e-06,3.26e+00,
-6.719999e-06,3.26e+00,
-6.709999e-06,3.26e+00,
-6.699999e-06,3.26e+00,
-6.689999e-06,3.26e+00,
-6.679999e-06,3.26e+00,
-6.669999e-06,3.26e+00,
-6.659999e-06,3.26e+00,
-6.649999e-06,3.26e+00,
-6.639999e-06,3.26e+00,
-6.629999e-06,3.26e+00,
-6.619999e-06,3.26e+00,
-6.609999e-06,3.26e+00,
-6.599999e-06,3.26e+00,
-6.589999e-06,3.26e+00,
-6.579999e-06,3.26e+00,
-6.569999e-06,3.26e+00,
-6.559999e-06,3.26e+00,
-6.549999e-06,3.26e+00,
-6.539999e-06,3.26e+00,
-6.529999e-06,3.26e+00,
-6.519999e-06,3.26e+00,
-6.509999e-06,3.26e+00,
-6.499999e-06,3.26e+00,
-6.489999e-06,3.26e+00,
-6.479999e-06,3.26e+00,
-6.469999e-06,3.26e+00,
-6.459999e-06,3.26e+00,
-6.449999e-06,3.26e+00,
-6.439999e-06,3.26e+00,
-6.429999e-06,3.26e+00,
-6.419999e-06,3.26e+00,
-6.409999e-06,3.26e+00,
-6.399999e-06,3.26e+00,
-6.389999e-06,3.26e+00,
-6.379999e-06,3.26e+00,
-6.369999e-06,3.26e+00,
-6.359999e-06,3.26e+00,
-6.349999e-06,3.26e+00,
-6.339999e-06,3.26e+00,
-6.329999e-06,3.26e+00,
-6.319999e-06,3.26e+00,
-6.309999e-06,3.26e+00,
-6.299999e-06,3.26e+00,
-6.289999e-06,3.26e+00,
-6.279999e-06,3.26e+00,
-6.269999e-06,3.26e+00,
-6.259999e-06,3.26e+00,
-6.249999e-06,3.26e+00,
-6.239999e-06,3.26e+00,
-6.229999e-06,3.26e+00,
-6.219999e-06,3.26e+00,
-6.209999e-06,3.26e+00,
-6.199999e-06,3.26e+00,
-6.189999e-06,3.26e+00,
-6.179999e-06,3.26e+00,
-6.169999e-06,3.26e+00,
-6.159999e-06,3.26e+00,
-6.149999e-06,3.26e+00,
-6.139999e-06,3.26e+00,
-6.129999e-06,3.26e+00,
-6.119999e-06,3.26e+00,
-6.109999e-06,3.26e+00,
-6.099999e-06,3.26e+00,
-6.089999e-06,3.26e+00,
-6.079999e-06,3.26e+00,
-6.069999e-06,3.26e+00,
-6.059999e-06,3.26e+00,
-6.049999e-06,3.26e+00,
-6.039999e-06,3.26e+00,
-6.029999e-06,3.26e+00,
-6.019999e-06,3.26e+00,
-6.009999e-06,3.26e+00,
-5.999999e-06,3.26e+00,
-5.989999e-06,3.26e+00,
-5.979999e-06,3.26e+00,
-5.969999e-06,3.26e+00,
-5.959999e-06,3.26e+00,
-5.949999e-06,3.26e+00,
-5.939999e-06,3.26e+00,
-5.929999e-06,3.26e+00,
-5.919999e-06,3.26e+00,
-5.909999e-06,3.26e+00,
-5.899999e-06,3.26e+00,
-5.889999e-06,3.26e+00,
-5.879999e-06,3.26e+00,
-5.869999e-06,3.26e+00,
-5.859999e-06,3.26e+00,
-5.849999e-06,3.26e+00,
-5.839999e-06,3.26e+00,
-5.829999e-06,3.26e+00,
-5.819999e-06,3.26e+00,
-5.809999e-06,3.26e+00,
-5.799999e-06,3.26e+00,
-5.789999e-06,3.26e+00,
-5.779999e-06,3.26e+00,
-5.769999e-06,3.26e+00,
-5.759999e-06,3.26e+00,
-5.749999e-06,3.26e+00,
-5.739999e-06,3.26e+00,
-5.729999e-06,3.26e+00,
-5.719999e-06,3.26e+00,
-5.709999e-06,3.26e+00,
-5.699999e-06,3.26e+00,
-5.689999e-06,3.26e+00,
-5.679999e-06,3.26e+00,
-5.669999e-06,3.26e+00,
-5.659999e-06,3.26e+00,
-5.649999e-06,3.26e+00,
-5.639999e-06,3.26e+00,
-5.629999e-06,3.26e+00,
-5.619999e-06,3.26e+00,
-5.609999e-06,3.26e+00,
-5.599999e-06,3.26e+00,
-5.589999e-06,3.26e+00,
-5.579999e-06,3.26e+00,
-5.569999e-06,3.26e+00,
-5.559999e-06,3.26e+00,
-5.549999e-06,3.26e+00,
-5.539999e-06,3.26e+00,
-5.529999e-06,3.26e+00,
-5.519999e-06,3.26e+00,
-5.509999e-06,3.26e+00,
-5.499999e-06,3.26e+00,
-5.489999e-06,3.26e+00,
-5.479999e-06,3.26e+00,
-5.469999e-06,3.26e+00,
-5.459999e-06,3.26e+00,
-5.449999e-06,3.26e+00,
-5.439999e-06,3.26e+00,
-5.429999e-06,3.26e+00,
-5.419999e-06,3.26e+00,
-5.409999e-06,3.26e+00,
-5.399999e-06,3.26e+00,
-5.389999e-06,3.26e+00,
-5.379999e-06,3.26e+00,
-5.369999e-06,3.26e+00,
-5.359999e-06,3.26e+00,
-5.349999e-06,3.26e+00,
-5.339999e-06,3.26e+00,
-5.329999e-06,3.26e+00,
-5.319999e-06,3.26e+00,
-5.309999e-06,3.26e+00,
-5.299999e-06,3.26e+00,
-5.289999e-06,3.26e+00,
-5.279999e-06,3.26e+00,
-5.269999e-06,3.26e+00,
-5.259999e-06,3.26e+00,
-5.249999e-06,3.26e+00,
-5.239999e-06,3.26e+00,
-5.229999e-06,3.26e+00,
-5.219999e-06,3.26e+00,
-5.209999e-06,3.26e+00,
-5.199999e-06,3.26e+00,
-5.189999e-06,3.26e+00,
-5.179999e-06,3.26e+00,
-5.169999e-06,3.26e+00,
-5.159999e-06,3.26e+00,
-5.149999e-06,3.26e+00,
-5.139999e-06,3.26e+00,
-5.129999e-06,3.26e+00,
-5.119999e-06,3.26e+00,
-5.109999e-06,3.26e+00,
-5.099999e-06,3.26e+00,
-5.089999e-06,3.26e+00,
-5.079999e-06,3.26e+00,
-5.069999e-06,3.26e+00,
-5.059999e-06,3.26e+00,
-5.049999e-06,3.26e+00,
-5.039999e-06,3.26e+00,
-5.029999e-06,3.26e+00,
-5.019999e-06,3.26e+00,
-5.009999e-06,3.26e+00,
-4.999999e-06,3.26e+00,
-4.989999e-06,3.26e+00,
-4.979999e-06,3.26e+00,
-4.969999e-06,3.26e+00,
-4.959999e-06,3.26e+00,
-4.949999e-06,3.26e+00,
-4.939999e-06,3.26e+00,
-4.929999e-06,3.26e+00,
-4.919999e-06,3.26e+00,
-4.909999e-06,3.26e+00,
-4.899999e-06,3.26e+00,
-4.889999e-06,3.26e+00,
-4.879999e-06,3.26e+00,
-4.869999e-06,3.26e+00,
-4.859999e-06,3.26e+00,
-4.849999e-06,3.26e+00,
-4.839999e-06,3.26e+00,
-4.829999e-06,3.26e+00,
-4.819999e-06,3.26e+00,
-4.809999e-06,3.26e+00,
-4.799999e-06,3.26e+00,
-4.789999e-06,3.26e+00,
-4.779999e-06,3.26e+00,
-4.769999e-06,3.26e+00,
-4.759999e-06,3.26e+00,
-4.749999e-06,3.26e+00,
-4.739999e-06,3.26e+00,
-4.729999e-06,3.26e+00,
-4.719999e-06,3.26e+00,
-4.709999e-06,3.26e+00,
-4.699999e-06,3.26e+00,
-4.689999e-06,3.26e+00,
-4.679999e-06,3.26e+00,
-4.669999e-06,3.26e+00,
-4.659999e-06,3.26e+00,
-4.649999e-06,3.26e+00,
-4.639999e-06,3.26e+00,
-4.629999e-06,3.26e+00,
-4.619999e-06,3.26e+00,
-4.609999e-06,3.26e+00,
-4.599999e-06,3.26e+00,
-4.589999e-06,3.26e+00,
-4.579999e-06,3.26e+00,
-4.569999e-06,3.26e+00,
-4.559999e-06,3.26e+00,
-4.549999e-06,3.26e+00,
-4.539999e-06,3.26e+00,
-4.529999e-06,3.26e+00,
-4.519999e-06,3.26e+00,
-4.509999e-06,3.26e+00,
-4.499999e-06,3.26e+00,
-4.489999e-06,3.26e+00,
-4.479999e-06,3.26e+00,
-4.469999e-06,3.26e+00,
-4.459999e-06,3.26e+00,
-4.449999e-06,3.26e+00,
-4.439999e-06,3.26e+00,
-4.429999e-06,3.26e+00,
-4.419999e-06,3.26e+00,
-4.409999e-06,3.26e+00,
-4.399999e-06,3.26e+00,
-4.389999e-06,3.26e+00,
-4.379999e-06,3.26e+00,
-4.369999e-06,3.26e+00,
-4.359999e-06,3.26e+00,
-4.349999e-06,3.26e+00,
-4.339999e-06,3.26e+00,
-4.329999e-06,3.26e+00,
-4.319999e-06,3.26e+00,
-4.309999e-06,3.26e+00,
-4.299999e-06,3.26e+00,
-4.289999e-06,3.26e+00,
-4.279999e-06,3.26e+00,
-4.269999e-06,3.26e+00,
-4.259999e-06,3.26e+00,
-4.249999e-06,3.26e+00,
-4.239999e-06,3.26e+00,
-4.229999e-06,3.26e+00,
-4.219999e-06,3.26e+00,
-4.209999e-06,3.26e+00,
-4.199999e-06,3.26e+00,
-4.189999e-06,3.26e+00,
-4.179999e-06,3.26e+00,
-4.169999e-06,3.26e+00,
-4.159999e-06,3.26e+00,
-4.149999e-06,3.26e+00,
-4.139999e-06,3.26e+00,
-4.129999e-06,3.26e+00,
-4.119999e-06,3.26e+00,
-4.109999e-06,3.26e+00,
-4.099999e-06,3.26e+00,
-4.089999e-06,3.26e+00,
-4.079999e-06,3.26e+00,
-4.069999e-06,3.26e+00,
-4.059999e-06,3.26e+00,
-4.049999e-06,3.26e+00,
-4.039999e-06,3.26e+00,
-4.029999e-06,3.26e+00,
-4.019999e-06,3.26e+00,
-4.009999e-06,3.26e+00,
-3.999999e-06,3.26e+00,
-3.989999e-06,3.26e+00,
-3.979999e-06,3.26e+00,
-3.969999e-06,3.26e+00,
-3.959999e-06,3.26e+00,
-3.949999e-06,3.26e+00,
-3.939999e-06,3.26e+00,
-3.929999e-06,3.26e+00,
-3.919999e-06,3.26e+00,
-3.909999e-06,3.26e+00,
-3.899999e-06,3.26e+00,
-3.889999e-06,3.26e+00,
-3.879999e-06,3.26e+00,
-3.869999e-06,3.26e+00,
-3.859999e-06,3.26e+00,
-3.849999e-06,3.26e+00,
-3.839999e-06,3.26e+00,
-3.829999e-06,3.26e+00,
-3.819999e-06,3.26e+00,
-3.809999e-06,3.26e+00,
-3.799999e-06,3.26e+00,
-3.789999e-06,3.26e+00,
-3.779999e-06,3.26e+00,
-3.769999e-06,3.26e+00,
-3.759999e-06,3.26e+00,
-3.749999e-06,3.26e+00,
-3.739999e-06,3.26e+00,
-3.729999e-06,3.26e+00,
-3.719999e-06,3.26e+00,
-3.709999e-06,3.26e+00,
-3.699999e-06,3.26e+00,
-3.689999e-06,3.26e+00,
-3.679999e-06,3.26e+00,
-3.669999e-06,3.26e+00,
-3.659999e-06,3.26e+00,
-3.649999e-06,3.26e+00,
-3.639999e-06,3.26e+00,
-3.629999e-06,3.26e+00,
-3.619999e-06,3.26e+00,
-3.609999e-06,3.26e+00,
-3.599999e-06,3.26e+00,
-3.589999e-06,3.26e+00,
-3.579999e-06,3.26e+00,
-3.569999e-06,3.26e+00,
-3.559999e-06,3.26e+00,
-3.549999e-06,3.26e+00,
-3.539999e-06,3.26e+00,
-3.529999e-06,3.26e+00,
-3.519999e-06,3.26e+00,
-3.509999e-06,3.26e+00,
-3.499999e-06,3.26e+00,
-3.489999e-06,3.26e+00,
-3.479999e-06,3.26e+00,
-3.469999e-06,3.26e+00,
-3.459999e-06,3.26e+00,
-3.449999e-06,3.26e+00,
-3.439999e-06,3.26e+00,
-3.429999e-06,3.26e+00,
-3.419999e-06,3.26e+00,
-3.409999e-06,3.26e+00,
-3.399999e-06,3.26e+00,
-3.389999e-06,3.26e+00,
-3.379999e-06,3.26e+00,
-3.369999e-06,3.26e+00,
-3.359999e-06,3.26e+00,
-3.349999e-06,3.26e+00,
-3.339999e-06,3.26e+00,
-3.329999e-06,3.26e+00,
-3.319999e-06,3.26e+00,
-3.309999e-06,3.26e+00,
-3.299999e-06,3.26e+00,
-3.289999e-06,3.26e+00,
-3.279999e-06,3.26e+00,
-3.269999e-06,3.26e+00,
-3.259999e-06,3.26e+00,
-3.249999e-06,3.26e+00,
-3.239999e-06,3.26e+00,
-3.229999e-06,3.26e+00,
-3.219999e-06,3.26e+00,
-3.209999e-06,3.26e+00,
-3.199999e-06,3.26e+00,
-3.189999e-06,3.26e+00,
-3.179999e-06,3.26e+00,
-3.169999e-06,3.26e+00,
-3.159999e-06,3.26e+00,
-3.149999e-06,3.26e+00,
-3.139999e-06,3.26e+00,
-3.129999e-06,3.26e+00,
-3.119999e-06,3.26e+00,
-3.109999e-06,3.26e+00,
-3.099999e-06,3.26e+00,
-3.089999e-06,3.26e+00,
-3.079999e-06,3.26e+00,
-3.069999e-06,3.26e+00,
-3.059999e-06,3.26e+00,
-3.049999e-06,3.26e+00,
-3.039999e-06,3.26e+00,
-3.029999e-06,3.26e+00,
-3.019999e-06,3.26e+00,
-3.009999e-06,3.26e+00,
-2.999999e-06,3.26e+00,
-2.989999e-06,3.26e+00,
-2.979999e-06,3.26e+00,
-2.969999e-06,3.26e+00,
-2.959999e-06,3.26e+00,
-2.949999e-06,3.26e+00,
-2.939999e-06,3.26e+00,
-2.929999e-06,3.26e+00,
-2.919999e-06,3.26e+00,
-2.909999e-06,3.26e+00,
-2.899999e-06,3.26e+00,
-2.889999e-06,3.26e+00,
-2.879999e-06,3.26e+00,
-2.869999e-06,3.26e+00,
-2.859999e-06,3.26e+00,
-2.849999e-06,3.26e+00,
-2.839999e-06,3.26e+00,
-2.829999e-06,3.26e+00,
-2.819999e-06,3.26e+00,
-2.809999e-06,3.26e+00,
-2.799999e-06,3.26e+00,
-2.789999e-06,3.26e+00,
-2.779999e-06,3.26e+00,
-2.769999e-06,3.26e+00,
-2.759999e-06,3.26e+00,
-2.749999e-06,3.26e+00,
-2.739999e-06,3.26e+00,
-2.729999e-06,3.26e+00,
-2.719999e-06,3.26e+00,
-2.709999e-06,3.26e+00,
-2.699999e-06,3.26e+00,
-2.689999e-06,3.26e+00,
-2.679999e-06,3.26e+00,
-2.669999e-06,3.26e+00,
-2.659999e-06,3.26e+00,
-2.649999e-06,3.26e+00,
-2.639999e-06,3.26e+00,
-2.629999e-06,3.26e+00,
-2.619999e-06,3.26e+00,
-2.609999e-06,3.26e+00,
-2.599999e-06,3.26e+00,
-2.589999e-06,3.26e+00,
-2.579999e-06,3.26e+00,
-2.569999e-06,3.26e+00,
-2.559999e-06,3.26e+00,
-2.549999e-06,3.26e+00,
-2.539999e-06,3.26e+00,
-2.529999e-06,3.26e+00,
-2.519999e-06,3.26e+00,
-2.509999e-06,3.26e+00,
-2.499999e-06,3.26e+00,
-2.489999e-06,3.26e+00,
-2.479999e-06,3.26e+00,
-2.469999e-06,3.26e+00,
-2.459999e-06,3.26e+00,
-2.449999e-06,3.26e+00,
-2.439999e-06,3.26e+00,
-2.429999e-06,3.26e+00,
-2.419999e-06,3.26e+00,
-2.409999e-06,3.26e+00,
-2.399999e-06,3.26e+00,
-2.389999e-06,3.26e+00,
-2.379999e-06,3.26e+00,
-2.369999e-06,3.26e+00,
-2.359999e-06,3.26e+00,
-2.349999e-06,3.26e+00,
-2.339999e-06,3.26e+00,
-2.329999e-06,3.26e+00,
-2.319999e-06,3.26e+00,
-2.309999e-06,3.26e+00,
-2.299999e-06,3.26e+00,
-2.289999e-06,3.26e+00,
-2.279999e-06,3.26e+00,
-2.269999e-06,3.26e+00,
-2.259999e-06,3.26e+00,
-2.249999e-06,3.26e+00,
-2.239999e-06,3.26e+00,
-2.229999e-06,3.26e+00,
-2.219999e-06,3.26e+00,
-2.209999e-06,3.26e+00,
-2.199999e-06,3.26e+00,
-2.189999e-06,3.26e+00,
-2.179999e-06,3.26e+00,
-2.169999e-06,3.26e+00,
-2.159999e-06,3.26e+00,
-2.149999e-06,3.26e+00,
-2.139999e-06,3.26e+00,
-2.129999e-06,3.26e+00,
-2.119999e-06,3.26e+00,
-2.109999e-06,3.26e+00,
-2.099999e-06,3.26e+00,
-2.089999e-06,3.26e+00,
-2.079999e-06,3.26e+00,
-2.069999e-06,3.26e+00,
-2.059999e-06,3.26e+00,
-2.049999e-06,3.26e+00,
-2.039999e-06,3.26e+00,
-2.029999e-06,3.26e+00,
-2.019999e-06,3.26e+00,
-2.009999e-06,3.26e+00,
-1.999999e-06,3.26e+00,
-1.989999e-06,3.26e+00,
-1.979999e-06,3.26e+00,
-1.969999e-06,3.26e+00,
-1.959999e-06,3.26e+00,
-1.949999e-06,3.26e+00,
-1.939999e-06,3.26e+00,
-1.929999e-06,3.26e+00,
-1.919999e-06,3.26e+00,
-1.909999e-06,3.26e+00,
-1.899999e-06,3.26e+00,
-1.889999e-06,3.26e+00,
-1.879999e-06,3.26e+00,
-1.869999e-06,3.26e+00,
-1.859999e-06,3.26e+00,
-1.849999e-06,3.26e+00,
-1.839999e-06,3.26e+00,
-1.829999e-06,3.26e+00,
-1.819999e-06,3.26e+00,
-1.809999e-06,3.26e+00,
-1.799999e-06,3.26e+00,
-1.789999e-06,3.26e+00,
-1.779999e-06,3.26e+00,
-1.769999e-06,3.26e+00,
-1.759999e-06,3.26e+00,
-1.749999e-06,3.26e+00,
-1.739999e-06,3.26e+00,
-1.729999e-06,3.26e+00,
-1.719999e-06,3.26e+00,
-1.709999e-06,3.26e+00,
-1.699999e-06,3.26e+00,
-1.689999e-06,3.26e+00,
-1.679999e-06,3.26e+00,
-1.669999e-06,3.26e+00,
-1.659999e-06,3.26e+00,
-1.649999e-06,3.26e+00,
-1.639999e-06,3.26e+00,
-1.629999e-06,3.26e+00,
-1.619999e-06,3.26e+00,
-1.609999e-06,3.26e+00,
-1.599999e-06,3.26e+00,
-1.589999e-06,3.26e+00,
-1.579999e-06,3.26e+00,
-1.569999e-06,3.26e+00,
-1.559999e-06,3.26e+00,
-1.549999e-06,3.26e+00,
-1.539999e-06,3.26e+00,
-1.529999e-06,3.26e+00,
-1.519999e-06,3.26e+00,
-1.509999e-06,3.26e+00,
-1.499999e-06,3.26e+00,
-1.489999e-06,3.26e+00,
-1.479999e-06,3.26e+00,
-1.469999e-06,3.26e+00,
-1.459999e-06,3.26e+00,
-1.449999e-06,3.26e+00,
-1.439999e-06,3.26e+00,
-1.429999e-06,3.26e+00,
-1.419999e-06,3.26e+00,
-1.409999e-06,3.26e+00,
-1.399999e-06,3.26e+00,
-1.389999e-06,3.26e+00,
-1.379999e-06,3.26e+00,
-1.369999e-06,3.26e+00,
-1.359999e-06,3.26e+00,
-1.349999e-06,3.26e+00,
-1.339999e-06,3.26e+00,
-1.329999e-06,3.26e+00,
-1.319999e-06,3.26e+00,
-1.309999e-06,3.26e+00,
-1.299999e-06,3.26e+00,
-1.289999e-06,3.26e+00,
-1.279999e-06,3.26e+00,
-1.269999e-06,3.26e+00,
-1.259999e-06,3.26e+00,
-1.249999e-06,3.26e+00,
-1.239999e-06,3.26e+00,
-1.229999e-06,3.26e+00,
-1.219999e-06,3.26e+00,
-1.209999e-06,3.26e+00,
-1.199999e-06,3.26e+00,
-1.189999e-06,3.26e+00,
-1.179999e-06,3.26e+00,
-1.169999e-06,3.26e+00,
-1.159999e-06,3.26e+00,
-1.149999e-06,3.26e+00,
-1.139999e-06,3.26e+00,
-1.129999e-06,3.26e+00,
-1.119999e-06,3.26e+00,
-1.109999e-06,3.26e+00,
-1.099999e-06,3.26e+00,
-1.089999e-06,3.26e+00,
-1.079999e-06,3.26e+00,
-1.069999e-06,3.26e+00,
-1.059999e-06,3.26e+00,
-1.049999e-06,3.26e+00,
-1.039999e-06,3.26e+00,
-1.029999e-06,3.26e+00,
-1.019999e-06,3.26e+00,
-1.009999e-06,3.26e+00,
-9.999990e-07,3.26e+00,
-9.899990e-07,3.26e+00,
-9.799990e-07,3.26e+00,
-9.699990e-07,3.26e+00,
-9.599990e-07,3.26e+00,
-9.499990e-07,3.26e+00,
-9.399990e-07,3.26e+00,
-9.299990e-07,3.26e+00,
-9.199990e-07,3.26e+00,
-9.099990e-07,3.26e+00,
-8.999990e-07,3.26e+00,
-8.899990e-07,3.26e+00,
-8.799990e-07,3.26e+00,
-8.699990e-07,3.26e+00,
-8.599990e-07,3.26e+00,
-8.499990e-07,3.26e+00,
-8.399990e-07,3.26e+00,
-8.299990e-07,3.26e+00,
-8.199990e-07,3.26e+00,
-8.099990e-07,3.26e+00,
-7.999990e-07,3.26e+00,
-7.899990e-07,3.26e+00,
-7.799990e-07,3.26e+00,
-7.699990e-07,3.26e+00,
-7.599990e-07,3.26e+00,
-7.499990e-07,3.26e+00,
-7.399990e-07,3.26e+00,
-7.299990e-07,3.26e+00,
-7.199990e-07,3.26e+00,
-7.099990e-07,3.26e+00,
-6.999990e-07,3.26e+00,
-6.899990e-07,3.26e+00,
-6.799990e-07,3.26e+00,
-6.699990e-07,3.26e+00,
-6.599990e-07,3.26e+00,
-6.499990e-07,3.26e+00,
-6.399990e-07,3.26e+00,
-6.299990e-07,3.26e+00,
-6.199990e-07,3.26e+00,
-6.099990e-07,3.26e+00,
-5.999990e-07,3.26e+00,
-5.899990e-07,3.26e+00,
-5.799990e-07,3.26e+00,
-5.699990e-07,3.26e+00,
-5.599990e-07,3.26e+00,
-5.499990e-07,3.26e+00,
-5.399990e-07,3.26e+00,
-5.299990e-07,3.26e+00,
-5.199990e-07,3.26e+00,
-5.099990e-07,3.26e+00,
-4.999990e-07,3.26e+00,
-4.899990e-07,3.26e+00,
-4.799990e-07,3.26e+00,
-4.699990e-07,3.26e+00,
-4.599990e-07,3.26e+00,
-4.499990e-07,3.26e+00,
-4.399990e-07,3.26e+00,
-4.299990e-07,3.26e+00,
-4.199990e-07,3.26e+00,
-4.099990e-07,3.26e+00,
-3.999990e-07,3.26e+00,
-3.899990e-07,3.26e+00,
-3.799990e-07,3.26e+00,
-3.699990e-07,3.26e+00,
-3.599990e-07,3.26e+00,
-3.499990e-07,3.26e+00,
-3.399990e-07,3.26e+00,
-3.299990e-07,3.26e+00,
-3.199990e-07,3.26e+00,
-3.099990e-07,3.26e+00,
-2.999990e-07,3.26e+00,
-2.899990e-07,3.26e+00,
-2.799990e-07,3.26e+00,
-2.699990e-07,3.26e+00,
-2.599990e-07,3.26e+00,
-2.499990e-07,3.26e+00,
-2.399990e-07,3.26e+00,
-2.299990e-07,3.26e+00,
-2.199990e-07,3.26e+00,
-2.099990e-07,3.26e+00,
-1.999990e-07,3.26e+00,
-1.899990e-07,3.26e+00,
-1.799990e-07,3.26e+00,
-1.699990e-07,3.26e+00,
-1.599990e-07,3.26e+00,
-1.499990e-07,3.26e+00,
-1.399990e-07,3.26e+00,
-1.299990e-07,3.26e+00,
-1.199990e-07,3.26e+00,
-1.099990e-07,3.26e+00,
-9.999904e-08,3.26e+00,
-8.999904e-08,3.26e+00,
-7.999904e-08,3.26e+00,
-6.999904e-08,3.26e+00,
-5.999904e-08,3.26e+00,
-4.999904e-08,3.26e+00,
-3.999904e-08,3.26e+00,
-2.999904e-08,3.26e+00,
-1.999904e-08,3.26e+00,
-9.999041e-09,3.26e+00,
9.592327e-13,3.26e+00,
1.000096e-08,3.26e+00,
2.000096e-08,3.26e+00,
3.000096e-08,3.26e+00,
4.000096e-08,3.26e+00,
5.000096e-08,3.26e+00,
6.000096e-08,3.26e+00,
7.000096e-08,3.26e+00,
8.000096e-08,3.26e+00,
9.000096e-08,3.26e+00,
1.000010e-07,3.26e+00,
1.100010e-07,3.26e+00,
1.200010e-07,3.26e+00,
1.300010e-07,3.26e+00,
1.400010e-07,3.26e+00,
1.500010e-07,3.26e+00,
1.600010e-07,3.26e+00,
1.700010e-07,3.26e+00,
1.800010e-07,3.26e+00,
1.900010e-07,3.26e+00,
2.000010e-07,3.26e+00,
2.100010e-07,3.26e+00,
2.200010e-07,3.26e+00,
2.300010e-07,3.26e+00,
2.400010e-07,3.26e+00,
2.500010e-07,3.26e+00,
2.600010e-07,3.26e+00,
2.700010e-07,3.26e+00,
2.800010e-07,3.26e+00,
2.900010e-07,3.26e+00,
3.000010e-07,3.26e+00,
3.100010e-07,3.26e+00,
3.200010e-07,3.26e+00,
3.300010e-07,3.26e+00,
3.400010e-07,3.26e+00,
3.500010e-07,3.26e+00,
3.600010e-07,3.26e+00,
3.700010e-07,3.26e+00,
3.800010e-07,3.26e+00,
3.900010e-07,3.26e+00,
4.000010e-07,3.26e+00,
4.100010e-07,3.26e+00,
4.200010e-07,3.26e+00,
4.300010e-07,3.26e+00,
4.400010e-07,3.26e+00,
4.500010e-07,3.26e+00,
4.600010e-07,3.26e+00,
4.700010e-07,3.26e+00,
4.800010e-07,3.26e+00,
4.900010e-07,3.26e+00,
5.000010e-07,3.26e+00,
5.100010e-07,3.26e+00,
5.200010e-07,3.26e+00,
5.300010e-07,3.26e+00,
5.400010e-07,3.26e+00,
5.500010e-07,3.26e+00,
5.600010e-07,3.26e+00,
5.700010e-07,3.26e+00,
5.800010e-07,3.26e+00,
5.900010e-07,3.26e+00,
6.000010e-07,3.26e+00,
6.100010e-07,3.26e+00,
6.200010e-07,3.26e+00,
6.300010e-07,3.26e+00,
6.400010e-07,3.26e+00,
6.500010e-07,3.26e+00,
6.600010e-07,3.26e+00,
6.700010e-07,3.26e+00,
6.800010e-07,3.26e+00,
6.900010e-07,3.26e+00,
7.000010e-07,3.26e+00,
7.100010e-07,3.26e+00,
7.200010e-07,3.26e+00,
7.300010e-07,3.26e+00,
7.400010e-07,3.26e+00,
7.500010e-07,3.26e+00,
7.600010e-07,3.26e+00,
7.700010e-07,3.26e+00,
7.800010e-07,3.26e+00,
7.900010e-07,3.26e+00,
8.000010e-07,3.26e+00,
8.100010e-07,3.26e+00,
8.200010e-07,3.26e+00,
8.300010e-07,3.26e+00,
8.400010e-07,3.26e+00,
8.500010e-07,3.26e+00,
8.600010e-07,3.26e+00,
8.700010e-07,3.26e+00,
8.800010e-07,3.26e+00,
8.900010e-07,3.26e+00,
9.000010e-07,3.26e+00,
9.100010e-07,3.26e+00,
9.200010e-07,3.26e+00,
9.300010e-07,3.26e+00,
9.400010e-07,3.26e+00,
9.500010e-07,3.26e+00,
9.600010e-07,3.26e+00,
9.700010e-07,3.26e+00,
9.800010e-07,3.26e+00,
9.900010e-07,3.26e+00,
1.000001e-06,3.26e+00,
1.010001e-06,3.26e+00,
1.020001e-06,3.26e+00,
1.030001e-06,3.26e+00,
1.040001e-06,3.26e+00,
1.050001e-06,3.26e+00,
1.060001e-06,3.26e+00,
1.070001e-06,3.26e+00,
1.080001e-06,3.26e+00,
1.090001e-06,3.26e+00,
1.100001e-06,3.26e+00,
1.110001e-06,3.26e+00,
1.120001e-06,3.26e+00,
1.130001e-06,3.26e+00,
1.140001e-06,3.26e+00,
1.150001e-06,3.26e+00,
1.160001e-06,3.26e+00,
1.170001e-06,3.26e+00,
1.180001e-06,3.26e+00,
1.190001e-06,3.26e+00,
1.200001e-06,3.26e+00,
1.210001e-06,3.26e+00,
1.220001e-06,3.26e+00,
1.230001e-06,3.26e+00,
1.240001e-06,3.26e+00,
1.250001e-06,3.26e+00,
1.260001e-06,3.26e+00,
1.270001e-06,3.26e+00,
1.280001e-06,3.26e+00,
1.290001e-06,3.26e+00,
1.300001e-06,3.26e+00,
1.310001e-06,3.26e+00,
1.320001e-06,3.26e+00,
1.330001e-06,3.26e+00,
1.340001e-06,3.26e+00,
1.350001e-06,3.26e+00,
1.360001e-06,3.26e+00,
1.370001e-06,3.26e+00,
1.380001e-06,3.26e+00,
1.390001e-06,3.26e+00,
1.400001e-06,3.26e+00,
1.410001e-06,3.26e+00,
1.420001e-06,3.26e+00,
1.430001e-06,3.26e+00,
1.440001e-06,3.26e+00,
1.450001e-06,3.26e+00,
1.460001e-06,3.26e+00,
1.470001e-06,3.26e+00,
1.480001e-06,3.26e+00,
1.490001e-06,3.26e+00,
1.500001e-06,3.26e+00,
1.510001e-06,3.26e+00,
1.520001e-06,3.26e+00,
1.530001e-06,3.26e+00,
1.540001e-06,3.26e+00,
1.550001e-06,3.26e+00,
1.560001e-06,3.26e+00,
1.570001e-06,3.26e+00,
1.580001e-06,3.26e+00,
1.590001e-06,3.26e+00,
1.600001e-06,3.26e+00,
1.610001e-06,3.26e+00,
1.620001e-06,3.26e+00,
1.630001e-06,3.26e+00,
1.640001e-06,3.26e+00,
1.650001e-06,3.26e+00,
1.660001e-06,3.26e+00,
1.670001e-06,3.26e+00,
1.680001e-06,3.26e+00,
1.690001e-06,3.26e+00,
1.700001e-06,3.26e+00,
1.710001e-06,3.26e+00,
1.720001e-06,3.26e+00,
1.730001e-06,3.26e+00,
1.740001e-06,3.26e+00,
1.750001e-06,3.26e+00,
1.760001e-06,3.26e+00,
1.770001e-06,3.26e+00,
1.780001e-06,3.26e+00,
1.790001e-06,3.26e+00,
1.800001e-06,3.26e+00,
1.810001e-06,3.26e+00,
1.820001e-06,3.26e+00,
1.830001e-06,3.26e+00,
1.840001e-06,3.26e+00,
1.850001e-06,3.26e+00,
1.860001e-06,3.26e+00,
1.870001e-06,3.26e+00,
1.880001e-06,3.26e+00,
1.890001e-06,3.26e+00,
1.900001e-06,3.26e+00,
1.910001e-06,3.26e+00,
1.920001e-06,3.26e+00,
1.930001e-06,3.26e+00,
1.940001e-06,3.26e+00,
1.950001e-06,3.26e+00,
1.960001e-06,3.26e+00,
1.970001e-06,3.26e+00,
1.980001e-06,3.26e+00,
1.990001e-06,3.26e+00,
2.000001e-06,3.26e+00,
2.010001e-06,3.26e+00,
2.020001e-06,3.26e+00,
2.030001e-06,3.26e+00,
2.040001e-06,3.26e+00,
2.050001e-06,3.26e+00,
2.060001e-06,3.26e+00,
2.070001e-06,3.26e+00,
2.080001e-06,3.26e+00,
2.090001e-06,3.26e+00,
2.100001e-06,3.26e+00,
2.110001e-06,3.26e+00,
2.120001e-06,3.26e+00,
2.130001e-06,3.26e+00,
2.140001e-06,3.26e+00,
2.150001e-06,3.26e+00,
2.160001e-06,3.26e+00,
2.170001e-06,3.26e+00,
2.180001e-06,3.26e+00,
2.190001e-06,3.26e+00,
2.200001e-06,3.26e+00,
2.210001e-06,3.26e+00,
2.220001e-06,3.26e+00,
2.230001e-06,3.26e+00,
2.240001e-06,3.26e+00,
2.250001e-06,3.26e+00,
2.260001e-06,3.26e+00,
2.270001e-06,3.26e+00,
2.280001e-06,3.26e+00,
2.290001e-06,3.26e+00,
2.300001e-06,3.26e+00,
2.310001e-06,3.26e+00,
2.320001e-06,3.26e+00,
2.330001e-06,3.26e+00,
2.340001e-06,3.26e+00,
2.350001e-06,3.26e+00,
2.360001e-06,3.26e+00,
2.370001e-06,3.26e+00,
2.380001e-06,3.26e+00,
2.390001e-06,3.26e+00,
2.400001e-06,3.26e+00,
2.410001e-06,3.26e+00,
2.420001e-06,3.26e+00,
2.430001e-06,3.26e+00,
2.440001e-06,3.26e+00,
2.450001e-06,3.26e+00,
2.460001e-06,3.26e+00,
2.470001e-06,3.26e+00,
2.480001e-06,3.26e+00,
2.490001e-06,3.26e+00,
2.500001e-06,3.26e+00,
2.510001e-06,3.26e+00,
2.520001e-06,3.26e+00,
2.530001e-06,3.26e+00,
2.540001e-06,3.26e+00,
2.550001e-06,3.26e+00,
2.560001e-06,3.26e+00,
2.570001e-06,3.26e+00,
2.580001e-06,3.26e+00,
2.590001e-06,3.26e+00,
2.600001e-06,3.26e+00,
2.610001e-06,3.26e+00,
2.620001e-06,3.26e+00,
2.630001e-06,3.26e+00,
2.640001e-06,3.26e+00,
2.650001e-06,3.26e+00,
2.660001e-06,3.26e+00,
2.670001e-06,3.26e+00,
2.680001e-06,3.26e+00,
2.690001e-06,3.26e+00,
2.700001e-06,3.26e+00,
2.710001e-06,3.26e+00,
2.720001e-06,3.26e+00,
2.730001e-06,3.26e+00,
2.740001e-06,3.26e+00,
2.750001e-06,3.26e+00,
2.760001e-06,3.26e+00,
2.770001e-06,3.26e+00,
2.780001e-06,3.26e+00,
2.790001e-06,3.26e+00,
2.800001e-06,3.26e+00,
2.810001e-06,3.26e+00,
2.820001e-06,3.26e+00,
2.830001e-06,3.26e+00,
2.840001e-06,3.26e+00,
2.850001e-06,3.26e+00,
2.860001e-06,3.26e+00,
2.870001e-06,3.26e+00,
2.880001e-06,3.26e+00,
2.890001e-06,3.26e+00,
2.900001e-06,3.26e+00,
2.910001e-06,3.26e+00,
2.920001e-06,3.26e+00,
2.930001e-06,3.26e+00,
2.940001e-06,3.26e+00,
2.950001e-06,3.26e+00,
2.960001e-06,3.26e+00,
2.970001e-06,3.26e+00,
2.980001e-06,3.26e+00,
2.990001e-06,3.26e+00,
3.000001e-06,3.26e+00,
3.010001e-06,3.26e+00,
3.020001e-06,3.26e+00,
3.030001e-06,3.26e+00,
3.040001e-06,3.26e+00,
3.050001e-06,3.26e+00,
3.060001e-06,3.26e+00,
3.070001e-06,3.26e+00,
3.080001e-06,3.26e+00,
3.090001e-06,3.26e+00,
3.100001e-06,3.26e+00,
3.110001e-06,3.26e+00,
3.120001e-06,3.26e+00,
3.130001e-06,3.26e+00,
3.140001e-06,3.26e+00,
3.150001e-06,3.26e+00,
3.160001e-06,3.26e+00,
3.170001e-06,3.26e+00,
3.180001e-06,3.26e+00,
3.190001e-06,3.26e+00,
3.200001e-06,3.26e+00,
3.210001e-06,3.26e+00,
3.220001e-06,3.26e+00,
3.230001e-06,3.26e+00,
3.240001e-06,3.26e+00,
3.250001e-06,3.26e+00,
3.260001e-06,3.26e+00,
3.270001e-06,3.26e+00,
3.280001e-06,3.26e+00,
3.290001e-06,3.26e+00,
3.300001e-06,3.26e+00,
3.310001e-06,3.26e+00,
3.320001e-06,3.26e+00,
3.330001e-06,3.26e+00,
3.340001e-06,3.26e+00,
3.350001e-06,3.26e+00,
3.360001e-06,3.26e+00,
3.370001e-06,3.26e+00,
3.380001e-06,3.26e+00,
3.390001e-06,3.26e+00,
3.400001e-06,3.26e+00,
3.410001e-06,3.26e+00,
3.420001e-06,3.26e+00,
3.430001e-06,3.26e+00,
3.440001e-06,3.26e+00,
3.450001e-06,3.26e+00,
3.460001e-06,3.26e+00,
3.470001e-06,3.26e+00,
3.480001e-06,3.26e+00,
3.490001e-06,3.26e+00,
3.500001e-06,3.26e+00,
3.510001e-06,3.26e+00,
3.520001e-06,3.26e+00,
3.530001e-06,3.26e+00,
3.540001e-06,3.26e+00,
3.550001e-06,3.26e+00,
3.560001e-06,3.26e+00,
3.570001e-06,3.26e+00,
3.580001e-06,3.26e+00,
3.590001e-06,3.26e+00,
3.600001e-06,3.26e+00,
3.610001e-06,3.26e+00,
3.620001e-06,3.26e+00,
3.630001e-06,3.26e+00,
3.640001e-06,3.26e+00,
3.650001e-06,3.26e+00,
3.660001e-06,3.26e+00,
3.670001e-06,3.26e+00,
3.680001e-06,3.26e+00,
3.690001e-06,3.26e+00,
3.700001e-06,3.26e+00,
3.710001e-06,3.26e+00,
3.720001e-06,3.26e+00,
3.730001e-06,3.26e+00,
3.740001e-06,3.26e+00,
3.750001e-06,3.26e+00,
3.760001e-06,3.26e+00,
3.770001e-06,3.26e+00,
3.780001e-06,3.26e+00,
3.790001e-06,3.26e+00,
3.800001e-06,3.26e+00,
3.810001e-06,3.26e+00,
3.820001e-06,3.26e+00,
3.830001e-06,3.26e+00,
3.840001e-06,3.26e+00,
3.850001e-06,3.26e+00,
3.860001e-06,3.26e+00,
3.870001e-06,3.26e+00,
3.880001e-06,3.26e+00,
3.890001e-06,3.26e+00,
3.900001e-06,3.26e+00,
3.910001e-06,3.26e+00,
3.920001e-06,3.26e+00,
3.930001e-06,3.26e+00,
3.940001e-06,3.26e+00,
3.950001e-06,3.26e+00,
3.960001e-06,3.26e+00,
3.970001e-06,3.26e+00,
3.980001e-06,3.26e+00,
3.990001e-06,3.26e+00,
4.000001e-06,3.26e+00,
4.010001e-06,3.26e+00,
4.020001e-06,3.26e+00,
4.030001e-06,3.26e+00,
4.040001e-06,3.26e+00,
4.050001e-06,3.26e+00,
4.060001e-06,3.26e+00,
4.070001e-06,3.26e+00,
4.080001e-06,3.26e+00,
4.090001e-06,3.26e+00,
4.100001e-06,3.26e+00,
4.110001e-06,3.26e+00,
4.120001e-06,3.26e+00,
4.130001e-06,3.26e+00,
4.140001e-06,3.26e+00,
4.150001e-06,3.26e+00,
4.160001e-06,3.26e+00,
4.170001e-06,3.26e+00,
4.180001e-06,3.26e+00,
4.190001e-06,3.26e+00,
4.200001e-06,3.26e+00,
4.210001e-06,3.26e+00,
4.220001e-06,3.26e+00,
4.230001e-06,3.26e+00,
4.240001e-06,3.26e+00,
4.250001e-06,3.26e+00,
4.260001e-06,3.26e+00,
4.270001e-06,3.26e+00,
4.280001e-06,3.26e+00,
4.290001e-06,3.26e+00,
4.300001e-06,3.26e+00,
4.310001e-06,3.26e+00,
4.320001e-06,3.26e+00,
4.330001e-06,3.26e+00,
4.340001e-06,3.26e+00,
4.350001e-06,3.26e+00,
4.360001e-06,3.26e+00,
4.370001e-06,3.26e+00,
4.380001e-06,3.26e+00,
4.390001e-06,3.26e+00,
4.400001e-06,3.26e+00,
4.410001e-06,3.26e+00,
4.420001e-06,3.26e+00,
4.430001e-06,3.26e+00,
4.440001e-06,3.26e+00,
4.450001e-06,3.26e+00,
4.460001e-06,3.26e+00,
4.470001e-06,3.26e+00,
4.480001e-06,3.26e+00,
4.490001e-06,3.26e+00,
4.500001e-06,3.26e+00,
4.510001e-06,3.26e+00,
4.520001e-06,3.26e+00,
4.530001e-06,3.26e+00,
4.540001e-06,3.26e+00,
4.550001e-06,3.26e+00,
4.560001e-06,3.26e+00,
4.570001e-06,3.26e+00,
4.580001e-06,3.26e+00,
4.590001e-06,3.26e+00,
4.600001e-06,3.26e+00,
4.610001e-06,3.26e+00,
4.620001e-06,3.26e+00,
4.630001e-06,3.26e+00,
4.640001e-06,3.26e+00,
4.650001e-06,3.26e+00,
4.660001e-06,3.26e+00,
4.670001e-06,3.26e+00,
4.680001e-06,3.26e+00,
4.690001e-06,3.26e+00,
4.700001e-06,3.26e+00,
4.710001e-06,3.26e+00,
4.720001e-06,3.26e+00,
4.730001e-06,3.26e+00,
4.740001e-06,3.26e+00,
4.750001e-06,3.26e+00,
4.760001e-06,3.26e+00,
4.770001e-06,3.26e+00,
4.780001e-06,3.26e+00,
4.790001e-06,3.26e+00,
4.800001e-06,3.26e+00,
4.810001e-06,3.26e+00,
4.820001e-06,3.26e+00,
4.830001e-06,3.26e+00,
4.840001e-06,3.26e+00,
4.850001e-06,3.26e+00,
4.860001e-06,3.26e+00,
4.870001e-06,3.26e+00,
4.880001e-06,3.26e+00,
4.890001e-06,3.26e+00,
4.900001e-06,3.26e+00,
4.910001e-06,3.26e+00,
4.920001e-06,3.26e+00,
4.930001e-06,3.26e+00,
4.940001e-06,3.26e+00,
4.950001e-06,3.26e+00,
4.960001e-06,3.26e+00,
4.970001e-06,3.26e+00,
4.980001e-06,3.26e+00,
4.990001e-06,3.26e+00,
5.000001e-06,3.26e+00,
5.010001e-06,3.26e+00,
5.020001e-06,3.26e+00,
5.030001e-06,3.26e+00,
5.040001e-06,3.26e+00,
5.050001e-06,3.26e+00,
5.060001e-06,3.26e+00,
5.070001e-06,3.26e+00,
5.080001e-06,3.26e+00,
5.090001e-06,3.26e+00,
5.100001e-06,3.26e+00,
5.110001e-06,3.26e+00,
5.120001e-06,3.26e+00,
5.130001e-06,3.26e+00,
5.140001e-06,3.26e+00,
5.150001e-06,3.26e+00,
5.160001e-06,3.26e+00,
5.170001e-06,3.26e+00,
5.180001e-06,3.26e+00,
5.190001e-06,3.26e+00,
5.200001e-06,3.26e+00,
5.210001e-06,3.26e+00,
5.220001e-06,3.26e+00,
5.230001e-06,3.26e+00,
5.240001e-06,3.26e+00,
5.250001e-06,3.26e+00,
5.260001e-06,3.26e+00,
5.270001e-06,3.26e+00,
5.280001e-06,3.26e+00,
5.290001e-06,3.26e+00,
5.300001e-06,3.26e+00,
5.310001e-06,3.26e+00,
5.320001e-06,3.26e+00,
5.330001e-06,3.26e+00,
5.340001e-06,3.26e+00,
5.350001e-06,3.26e+00,
5.360001e-06,3.26e+00,
5.370001e-06,3.26e+00,
5.380001e-06,3.26e+00,
5.390001e-06,3.26e+00,
5.400001e-06,3.26e+00,
5.410001e-06,3.26e+00,
5.420001e-06,3.26e+00,
5.430001e-06,3.26e+00,
5.440001e-06,3.26e+00,
5.450001e-06,3.26e+00,
5.460001e-06,3.26e+00,
5.470001e-06,3.26e+00,
5.480001e-06,3.26e+00,
5.490001e-06,3.26e+00,
5.500001e-06,3.26e+00,
5.510001e-06,3.26e+00,
5.520001e-06,3.26e+00,
5.530001e-06,3.26e+00,
5.540001e-06,3.26e+00,
5.550001e-06,3.26e+00,
5.560001e-06,3.26e+00,
5.570001e-06,3.26e+00,
5.580001e-06,3.26e+00,
5.590001e-06,3.26e+00,
5.600001e-06,3.26e+00,
5.610001e-06,3.26e+00,
5.620001e-06,3.26e+00,
5.630001e-06,3.26e+00,
5.640001e-06,3.26e+00,
5.650001e-06,3.26e+00,
5.660001e-06,3.26e+00,
5.670001e-06,3.26e+00,
5.680001e-06,3.26e+00,
5.690001e-06,3.26e+00,
5.700001e-06,3.26e+00,
5.710001e-06,3.26e+00,
5.720001e-06,3.26e+00,
5.730001e-06,3.26e+00,
5.740001e-06,3.26e+00,
5.750001e-06,3.26e+00,
5.760001e-06,3.26e+00,
5.770001e-06,3.26e+00,
5.780001e-06,3.26e+00,
5.790001e-06,3.26e+00,
5.800001e-06,3.26e+00,
5.810001e-06,3.26e+00,
5.820001e-06,3.26e+00,
5.830001e-06,3.26e+00,
5.840001e-06,3.26e+00,
5.850001e-06,3.26e+00,
5.860001e-06,3.26e+00,
5.870001e-06,3.26e+00,
5.880001e-06,3.26e+00,
5.890001e-06,3.26e+00,
5.900001e-06,3.26e+00,
5.910001e-06,3.26e+00,
5.920001e-06,3.26e+00,
5.930001e-06,3.26e+00,
5.940001e-06,3.26e+00,
5.950001e-06,3.26e+00,
5.960001e-06,3.26e+00,
5.970001e-06,3.26e+00,
5.980001e-06,3.26e+00,
5.990001e-06,3.26e+00,
6.000001e-06,3.26e+00,
6.010001e-06,3.26e+00,
6.020001e-06,3.26e+00,
6.030001e-06,3.26e+00,
6.040001e-06,3.26e+00,
6.050001e-06,3.26e+00,
6.060001e-06,3.26e+00,
6.070001e-06,3.26e+00,
6.080001e-06,3.26e+00,
6.090001e-06,3.26e+00,
6.100001e-06,3.26e+00,
6.110001e-06,3.26e+00,
6.120001e-06,3.26e+00,
6.130001e-06,3.26e+00,
6.140001e-06,3.26e+00,
6.150001e-06,3.26e+00,
6.160001e-06,3.26e+00,
6.170001e-06,3.26e+00,
6.180001e-06,3.26e+00,
6.190001e-06,3.26e+00,
6.200001e-06,3.26e+00,
6.210001e-06,3.26e+00,
6.220001e-06,3.26e+00,
6.230001e-06,3.26e+00,
6.240001e-06,3.26e+00,
6.250001e-06,3.26e+00,
6.260001e-06,3.26e+00,
6.270001e-06,3.26e+00,
6.280001e-06,3.26e+00,
6.290001e-06,3.26e+00,
6.300001e-06,3.26e+00,
6.310001e-06,3.26e+00,
6.320001e-06,3.26e+00,
6.330001e-06,3.26e+00,
6.340001e-06,3.26e+00,
6.350001e-06,3.26e+00,
6.360001e-06,3.26e+00,
6.370001e-06,3.26e+00,
6.380001e-06,3.26e+00,
6.390001e-06,3.26e+00,
6.400001e-06,3.26e+00,
6.410001e-06,3.26e+00,
6.420001e-06,3.26e+00,
6.430001e-06,3.26e+00,
6.440001e-06,3.26e+00,
6.450001e-06,3.26e+00,
6.460001e-06,3.26e+00,
6.470001e-06,3.26e+00,
6.480001e-06,3.26e+00,
6.490001e-06,3.26e+00,
6.500001e-06,3.26e+00,
6.510001e-06,3.26e+00,
6.520001e-06,3.26e+00,
6.530001e-06,3.26e+00,
6.540001e-06,3.26e+00,
6.550001e-06,3.26e+00,
6.560001e-06,3.26e+00,
6.570001e-06,3.26e+00,
6.580001e-06,3.26e+00,
6.590001e-06,3.26e+00,
6.600001e-06,3.26e+00,
6.610001e-06,3.26e+00,
6.620001e-06,3.26e+00,
6.630001e-06,3.26e+00,
6.640001e-06,3.26e+00,
6.650001e-06,3.26e+00,
6.660001e-06,3.26e+00,
6.670001e-06,3.26e+00,
6.680001e-06,3.26e+00,
6.690001e-06,3.26e+00,
6.700001e-06,3.26e+00,
6.710001e-06,3.26e+00,
6.720001e-06,3.26e+00,
6.730001e-06,3.26e+00,
6.740001e-06,3.26e+00,
6.750001e-06,3.26e+00,
6.760001e-06,3.26e+00,
6.770001e-06,3.26e+00,
6.780001e-06,3.26e+00,
6.790001e-06,3.26e+00,
6.800001e-06,3.26e+00,
6.810001e-06,3.26e+00,
6.820001e-06,3.26e+00,
6.830001e-06,3.26e+00,
6.840001e-06,3.26e+00,
6.850001e-06,3.26e+00,
6.860001e-06,3.26e+00,
6.870001e-06,3.26e+00,
6.880001e-06,3.26e+00,
6.890001e-06,3.26e+00,
6.900001e-06,3.26e+00,
6.910001e-06,3.26e+00,
6.920001e-06,3.26e+00,
6.930001e-06,3.26e+00,
6.940001e-06,3.26e+00,
6.950001e-06,3.26e+00,
6.960001e-06,3.26e+00,
6.970001e-06,3.26e+00,
6.980001e-06,3.26e+00,
6.990001e-06,3.26e+00,
7.000001e-06,3.26e+00,
7.010001e-06,3.26e+00,
7.020001e-06,3.26e+00,
7.030001e-06,3.26e+00,
7.040001e-06,3.26e+00,
7.050001e-06,3.26e+00,
7.060001e-06,3.26e+00,
7.070001e-06,3.26e+00,
7.080001e-06,3.26e+00,
7.090001e-06,3.26e+00,
7.100001e-06,3.26e+00,
7.110001e-06,3.26e+00,
7.120001e-06,3.26e+00,
7.130001e-06,3.26e+00,
7.140001e-06,3.26e+00,
7.150001e-06,3.26e+00,
7.160001e-06,3.26e+00,
7.170001e-06,3.26e+00,
7.180001e-06,3.26e+00,
7.190001e-06,3.26e+00,
7.200001e-06,3.26e+00,
7.210001e-06,3.26e+00,
7.220001e-06,3.26e+00,
7.230001e-06,3.26e+00,
7.240001e-06,3.26e+00,
7.250001e-06,3.26e+00,
7.260001e-06,3.26e+00,
7.270001e-06,3.26e+00,
7.280001e-06,3.26e+00,
7.290001e-06,3.26e+00,
7.300001e-06,3.26e+00,
7.310001e-06,3.26e+00,
7.320001e-06,3.26e+00,
7.330001e-06,3.26e+00,
7.340001e-06,3.26e+00,
7.350001e-06,3.26e+00,
7.360001e-06,3.26e+00,
7.370001e-06,3.26e+00,
7.380001e-06,3.26e+00,
7.390001e-06,3.26e+00,
7.400001e-06,3.26e+00,
7.410001e-06,3.26e+00,
7.420001e-06,3.26e+00,
7.430001e-06,3.26e+00,
7.440001e-06,3.26e+00,
7.450001e-06,3.26e+00,
7.460001e-06,3.26e+00,
7.470001e-06,3.26e+00,
7.480001e-06,3.26e+00,
7.490001e-06,3.26e+00,
7.500001e-06,3.26e+00,
7.510001e-06,3.26e+00,
7.520001e-06,3.26e+00,
7.530001e-06,3.26e+00,
7.540001e-06,3.26e+00,
7.550001e-06,3.26e+00,
7.560001e-06,3.26e+00,
7.570001e-06,3.26e+00,
7.580001e-06,3.26e+00,
7.590001e-06,3.26e+00,
7.600001e-06,3.26e+00,
7.610001e-06,3.26e+00,
7.620001e-06,3.26e+00,
7.630001e-06,3.26e+00,
7.640001e-06,3.26e+00,
7.650001e-06,3.26e+00,
7.660001e-06,3.26e+00,
7.670001e-06,3.26e+00,
7.680001e-06,3.26e+00,
7.690001e-06,3.26e+00,
7.700001e-06,3.26e+00,
7.710001e-06,3.26e+00,
7.720001e-06,3.26e+00,
7.730001e-06,3.26e+00,
7.740001e-06,3.26e+00,
7.750001e-06,3.26e+00,
7.760001e-06,3.26e+00,
7.770001e-06,3.26e+00,
7.780001e-06,3.26e+00,
7.790001e-06,3.26e+00,
7.800001e-06,3.26e+00,
7.810001e-06,3.26e+00,
7.820001e-06,3.26e+00,
7.830001e-06,3.26e+00,
7.840001e-06,3.26e+00,
7.850001e-06,3.26e+00,
7.860001e-06,3.26e+00,
7.870001e-06,3.26e+00,
7.880001e-06,3.26e+00,
7.890001e-06,3.26e+00,
7.900001e-06,3.26e+00,
7.910001e-06,3.26e+00,
7.920001e-06,3.26e+00,
7.930001e-06,3.26e+00,
7.940001e-06,3.26e+00,
7.950001e-06,3.26e+00,
7.960001e-06,3.26e+00,
7.970001e-06,3.26e+00,
7.980001e-06,3.26e+00,
7.990001e-06,3.26e+00,
8.000001e-06,3.26e+00,
8.010001e-06,3.26e+00,
8.020001e-06,3.26e+00,
8.030001e-06,3.26e+00,
8.040001e-06,3.26e+00,
8.050001e-06,3.26e+00,
8.060001e-06,3.26e+00,
8.070001e-06,3.26e+00,
8.080001e-06,3.26e+00,
8.090001e-06,3.26e+00,
8.100001e-06,3.26e+00,
8.110001e-06,3.26e+00,
8.120001e-06,3.26e+00,
8.130001e-06,3.26e+00,
8.140001e-06,3.26e+00,
8.150001e-06,3.26e+00,
8.160001e-06,3.26e+00,
8.170001e-06,3.26e+00,
8.180001e-06,3.26e+00,
8.190001e-06,3.26e+00,
8.200001e-06,3.26e+00,
8.210001e-06,3.26e+00,
8.220001e-06,3.26e+00,
8.230001e-06,3.26e+00,
8.240001e-06,3.26e+00,
8.250001e-06,3.26e+00,
8.260001e-06,3.26e+00,
8.270001e-06,3.26e+00,
8.280001e-06,3.26e+00,
8.290001e-06,3.26e+00,
8.300001e-06,3.26e+00,
8.310001e-06,3.26e+00,
8.320001e-06,3.26e+00,
8.330001e-06,3.26e+00,
8.340001e-06,3.26e+00,
8.350001e-06,3.26e+00,
8.360001e-06,3.26e+00,
8.370001e-06,3.26e+00,
8.380001e-06,3.26e+00,
8.390001e-06,3.26e+00,
8.400001e-06,3.26e+00,
8.410001e-06,3.26e+00,
8.420001e-06,3.26e+00,
8.430001e-06,3.26e+00,
8.440001e-06,3.26e+00,
8.450001e-06,3.26e+00,
8.460001e-06,3.26e+00,
8.470001e-06,3.26e+00,
8.480001e-06,3.26e+00,
8.490001e-06,3.26e+00,
8.500001e-06,3.26e+00,
8.510001e-06,3.26e+00,
8.520001e-06,3.26e+00,
8.530001e-06,3.26e+00,
8.540001e-06,3.26e+00,
8.550001e-06,3.26e+00,
8.560001e-06,3.26e+00,
8.570001e-06,3.26e+00,
8.580001e-06,3.26e+00,
8.590001e-06,3.26e+00,
8.600001e-06,3.26e+00,
8.610001e-06,3.26e+00,
8.620001e-06,3.26e+00,
8.630001e-06,3.26e+00,
8.640001e-06,3.26e+00,
8.650001e-06,3.26e+00,
8.660001e-06,3.26e+00,
8.670001e-06,3.26e+00,
8.680001e-06,3.26e+00,
8.690001e-06,3.26e+00,
8.700001e-06,3.26e+00,
8.710001e-06,3.26e+00,
8.720001e-06,3.26e+00,
8.730001e-06,3.26e+00,
8.740001e-06,3.26e+00,
8.750001e-06,3.26e+00,
8.760001e-06,3.26e+00,
8.770001e-06,3.26e+00,
8.780001e-06,3.26e+00,
8.790001e-06,3.26e+00,
8.800001e-06,3.26e+00,
8.810001e-06,3.26e+00,
8.820001e-06,3.26e+00,
8.830001e-06,3.26e+00,
8.840001e-06,3.26e+00,
8.850001e-06,3.26e+00,
8.860001e-06,3.26e+00,
8.870001e-06,3.26e+00,
8.880001e-06,3.26e+00,
8.890001e-06,3.26e+00,
8.900001e-06,3.26e+00,
8.910001e-06,3.26e+00,
8.920001e-06,3.26e+00,
8.930001e-06,3.26e+00,
8.940001e-06,3.26e+00,
8.950001e-06,3.26e+00,
8.960001e-06,3.26e+00,
8.970001e-06,3.26e+00,
8.980001e-06,3.26e+00,
8.990001e-06,3.26e+00,
9.000001e-06,3.26e+00,
9.010001e-06,3.26e+00,
9.020001e-06,3.26e+00,
9.030001e-06,3.26e+00,
9.040001e-06,3.26e+00,
9.050001e-06,3.26e+00,
9.060001e-06,3.26e+00,
9.070001e-06,3.26e+00,
9.080001e-06,3.26e+00,
9.090001e-06,3.26e+00,
9.100001e-06,3.26e+00,
9.110001e-06,3.26e+00,
9.120001e-06,3.26e+00,
9.130001e-06,3.26e+00,
9.140001e-06,3.26e+00,
9.150001e-06,3.26e+00,
9.160001e-06,3.26e+00,
9.170001e-06,3.26e+00,
9.180001e-06,3.26e+00,
9.190001e-06,3.26e+00,
9.200001e-06,3.26e+00,
9.210001e-06,3.26e+00,
9.220001e-06,3.26e+00,
9.230001e-06,3.26e+00,
9.240001e-06,3.26e+00,
9.250001e-06,3.26e+00,
9.260001e-06,3.26e+00,
9.270001e-06,3.26e+00,
9.280001e-06,3.26e+00,
9.290001e-06,3.26e+00,
9.300001e-06,3.26e+00,
9.310001e-06,3.26e+00,
9.320001e-06,3.26e+00,
9.330001e-06,3.26e+00,
9.340001e-06,3.26e+00,
9.350001e-06,3.26e+00,
9.360001e-06,3.26e+00,
9.370001e-06,3.26e+00,
9.380001e-06,3.26e+00,
9.390001e-06,3.26e+00,
9.400001e-06,3.26e+00,
9.410001e-06,3.26e+00,
9.420001e-06,3.26e+00,
9.430001e-06,3.26e+00,
9.440001e-06,3.26e+00,
9.450001e-06,3.26e+00,
9.460001e-06,3.26e+00,
9.470001e-06,3.26e+00,
9.480001e-06,3.26e+00,
9.490001e-06,3.26e+00,
9.500001e-06,3.26e+00,
9.510001e-06,3.26e+00,
9.520001e-06,3.26e+00,
9.530001e-06,3.26e+00,
9.540001e-06,3.26e+00,
9.550001e-06,3.26e+00,
9.560001e-06,3.26e+00,
9.570001e-06,3.26e+00,
9.580001e-06,3.26e+00,
9.590001e-06,3.26e+00,
9.600001e-06,3.26e+00,
9.610001e-06,3.26e+00,
9.620001e-06,3.26e+00,
9.630001e-06,3.26e+00,
9.640001e-06,3.26e+00,
9.650001e-06,3.26e+00,
9.660001e-06,3.26e+00,
9.670001e-06,3.26e+00,
9.680001e-06,3.26e+00,
9.690001e-06,3.26e+00,
9.700001e-06,3.26e+00,
9.710001e-06,3.26e+00,
9.720001e-06,3.26e+00,
9.730001e-06,3.26e+00,
9.740001e-06,3.26e+00,
9.750001e-06,3.26e+00,
9.760001e-06,3.26e+00,
9.770001e-06,3.26e+00,
9.780001e-06,3.26e+00,
9.790001e-06,3.26e+00,
9.800001e-06,3.26e+00,
9.810001e-06,3.26e+00,
9.820001e-06,3.26e+00,
9.830001e-06,3.26e+00,
9.840001e-06,3.26e+00,
9.850001e-06,3.26e+00,
9.860001e-06,3.26e+00,
9.870001e-06,3.26e+00,
9.880001e-06,3.26e+00,
9.890001e-06,3.26e+00,
9.900001e-06,3.26e+00,
9.910001e-06,3.26e+00,
9.920001e-06,3.26e+00,
9.930001e-06,3.26e+00,
9.940001e-06,3.26e+00,
9.950001e-06,3.26e+00,
9.960001e-06,3.26e+00,
9.970001e-06,3.26e+00,
9.980001e-06,3.26e+00,
9.990001e-06,3.26e+00,
1.000000e-05,3.26e+00,
1.001000e-05,3.26e+00,
1.002000e-05,3.26e+00,
1.003000e-05,3.26e+00,
1.004000e-05,3.26e+00,
1.005000e-05,3.26e+00,
1.006000e-05,3.26e+00,
1.007000e-05,3.26e+00,
1.008000e-05,3.26e+00,
1.009000e-05,3.26e+00,
1.010000e-05,3.26e+00,
1.011000e-05,3.26e+00,
1.012000e-05,3.26e+00,
1.013000e-05,3.26e+00,
1.014000e-05,3.26e+00,
1.015000e-05,3.26e+00,
1.016000e-05,3.26e+00,
1.017000e-05,3.26e+00,
1.018000e-05,3.26e+00,
1.019000e-05,3.26e+00,
1.020000e-05,3.26e+00,
1.021000e-05,3.26e+00,
1.022000e-05,3.26e+00,
1.023000e-05,3.26e+00,
1.024000e-05,3.26e+00,
1.025000e-05,3.26e+00,
1.026000e-05,3.26e+00,
1.027000e-05,3.26e+00,
1.028000e-05,3.26e+00,
1.029000e-05,3.26e+00,
1.030000e-05,3.26e+00,
1.031000e-05,3.26e+00,
1.032000e-05,3.26e+00,
1.033000e-05,3.26e+00,
1.034000e-05,3.26e+00,
1.035000e-05,3.26e+00,
1.036000e-05,3.26e+00,
1.037000e-05,3.26e+00,
1.038000e-05,3.26e+00,
1.039000e-05,3.26e+00,
1.040000e-05,3.26e+00,
1.041000e-05,3.26e+00,
1.042000e-05,3.26e+00,
1.043000e-05,3.26e+00,
1.044000e-05,3.26e+00,
1.045000e-05,3.26e+00,
1.046000e-05,3.26e+00,
1.047000e-05,3.26e+00,
1.048000e-05,3.26e+00,
1.049000e-05,3.26e+00,
1.050000e-05,3.26e+00,
1.051000e-05,3.26e+00,
1.052000e-05,3.26e+00,
1.053000e-05,3.26e+00,
1.054000e-05,3.26e+00,
1.055000e-05,3.26e+00,
1.056000e-05,3.26e+00,
1.057000e-05,3.26e+00,
1.058000e-05,3.26e+00,
1.059000e-05,3.26e+00,
1.060000e-05,3.26e+00,
1.061000e-05,3.26e+00,
1.062000e-05,3.26e+00,
1.063000e-05,3.26e+00,
1.064000e-05,3.26e+00,
1.065000e-05,3.26e+00,
1.066000e-05,3.26e+00,
1.067000e-05,3.26e+00,
1.068000e-05,3.26e+00,
1.069000e-05,3.26e+00,
1.070000e-05,3.26e+00,
1.071000e-05,3.26e+00,
1.072000e-05,3.26e+00,
1.073000e-05,3.26e+00,
1.074000e-05,3.26e+00,
1.075000e-05,3.26e+00,
1.076000e-05,3.26e+00,
1.077000e-05,3.26e+00,
1.078000e-05,3.26e+00,
1.079000e-05,3.26e+00,
1.080000e-05,3.26e+00,
1.081000e-05,3.26e+00,
1.082000e-05,3.26e+00,
1.083000e-05,3.26e+00,
1.084000e-05,3.26e+00,
1.085000e-05,3.26e+00,
1.086000e-05,3.26e+00,
1.087000e-05,3.26e+00,
1.088000e-05,3.26e+00,
1.089000e-05,3.26e+00,
1.090000e-05,3.26e+00,
1.091000e-05,3.26e+00,
1.092000e-05,3.26e+00,
1.093000e-05,3.26e+00,
1.094000e-05,3.26e+00,
1.095000e-05,3.26e+00,
1.096000e-05,3.26e+00,
1.097000e-05,3.26e+00,
1.098000e-05,3.26e+00,
1.099000e-05,3.26e+00,
1.100000e-05,3.26e+00,
1.101000e-05,3.26e+00,
1.102000e-05,3.26e+00,
1.103000e-05,3.26e+00,
1.104000e-05,3.26e+00,
1.105000e-05,3.26e+00,
1.106000e-05,3.26e+00,
1.107000e-05,3.26e+00,
1.108000e-05,3.26e+00,
1.109000e-05,3.26e+00,
1.110000e-05,3.26e+00,
1.111000e-05,3.26e+00,
1.112000e-05,3.26e+00,
1.113000e-05,3.26e+00,
1.114000e-05,3.26e+00,
1.115000e-05,3.26e+00,
1.116000e-05,3.26e+00,
1.117000e-05,3.26e+00,
1.118000e-05,3.26e+00,
1.119000e-05,3.26e+00,
1.120000e-05,3.26e+00,
1.121000e-05,3.26e+00,
1.122000e-05,3.26e+00,
1.123000e-05,3.26e+00,
1.124000e-05,3.26e+00,
1.125000e-05,3.26e+00,
1.126000e-05,3.26e+00,
1.127000e-05,3.26e+00,
1.128000e-05,3.26e+00,
1.129000e-05,3.26e+00,
1.130000e-05,3.26e+00,
1.131000e-05,3.26e+00,
1.132000e-05,3.26e+00,
1.133000e-05,3.26e+00,
1.134000e-05,3.26e+00,
1.135000e-05,3.26e+00,
1.136000e-05,3.26e+00,
1.137000e-05,3.26e+00,
1.138000e-05,3.26e+00,
1.139000e-05,3.26e+00,
1.140000e-05,3.26e+00,
1.141000e-05,3.26e+00,
1.142000e-05,3.26e+00,
1.143000e-05,3.26e+00,
1.144000e-05,3.26e+00,
1.145000e-05,3.26e+00,
1.146000e-05,3.26e+00,
1.147000e-05,3.26e+00,
1.148000e-05,3.26e+00,
1.149000e-05,3.26e+00,
1.150000e-05,3.26e+00,
1.151000e-05,3.26e+00,
1.152000e-05,3.26e+00,
1.153000e-05,3.26e+00,
1.154000e-05,3.26e+00,
1.155000e-05,3.26e+00,
1.156000e-05,3.26e+00,
1.157000e-05,3.26e+00,
1.158000e-05,3.26e+00,
1.159000e-05,3.26e+00,
1.160000e-05,3.26e+00,
1.161000e-05,3.26e+00,
1.162000e-05,3.26e+00,
1.163000e-05,3.26e+00,
1.164000e-05,3.26e+00,
1.165000e-05,3.26e+00,
1.166000e-05,3.26e+00,
1.167000e-05,3.26e+00,
1.168000e-05,3.26e+00,
1.169000e-05,3.26e+00,
1.170000e-05,3.26e+00,
1.171000e-05,3.26e+00,
1.172000e-05,3.26e+00,
1.173000e-05,3.26e+00,
1.174000e-05,3.26e+00,
1.175000e-05,3.26e+00,
1.176000e-05,3.26e+00,
1.177000e-05,3.26e+00,
1.178000e-05,3.26e+00,
1.179000e-05,3.26e+00,
1.180000e-05,3.26e+00,
1.181000e-05,3.26e+00,
1.182000e-05,3.26e+00,
1.183000e-05,3.26e+00,
1.184000e-05,3.26e+00,
1.185000e-05,3.26e+00,
1.186000e-05,3.26e+00,
1.187000e-05,3.26e+00,
1.188000e-05,3.26e+00,
1.189000e-05,3.26e+00,
1.190000e-05,3.26e+00,
1.191000e-05,3.26e+00,
1.192000e-05,3.26e+00,
1.193000e-05,3.26e+00,
1.194000e-05,3.26e+00,
1.195000e-05,3.26e+00,
1.196000e-05,3.26e+00,
1.197000e-05,3.26e+00,
1.198000e-05,3.26e+00,
1.199000e-05,3.26e+00,
1.200000e-05,3.26e+00,
1.201000e-05,3.26e+00,
1.202000e-05,3.26e+00,
1.203000e-05,3.26e+00,
1.204000e-05,3.26e+00,
1.205000e-05,3.26e+00,
1.206000e-05,3.26e+00,
1.207000e-05,3.26e+00,
1.208000e-05,3.26e+00,
1.209000e-05,3.26e+00,
1.210000e-05,3.26e+00,
1.211000e-05,3.26e+00,
1.212000e-05,3.26e+00,
1.213000e-05,3.26e+00,
1.214000e-05,3.26e+00,
1.215000e-05,3.26e+00,
1.216000e-05,3.26e+00,
1.217000e-05,3.26e+00,
1.218000e-05,3.26e+00,
1.219000e-05,3.26e+00,
1.220000e-05,3.26e+00,
1.221000e-05,3.26e+00,
1.222000e-05,3.26e+00,
1.223000e-05,3.26e+00,
1.224000e-05,3.26e+00,
1.225000e-05,3.26e+00,
1.226000e-05,3.26e+00,
1.227000e-05,3.26e+00,
1.228000e-05,3.26e+00,
1.229000e-05,3.26e+00,
1.230000e-05,3.26e+00,
1.231000e-05,3.26e+00,
1.232000e-05,3.26e+00,
1.233000e-05,3.26e+00,
1.234000e-05,3.26e+00,
1.235000e-05,3.26e+00,
1.236000e-05,3.26e+00,
1.237000e-05,3.26e+00,
1.238000e-05,3.26e+00,
1.239000e-05,3.26e+00,
1.240000e-05,3.26e+00,
1.241000e-05,3.26e+00,
1.242000e-05,3.26e+00,
1.243000e-05,3.26e+00,
1.244000e-05,3.26e+00,
1.245000e-05,3.26e+00,
1.246000e-05,3.26e+00,
1.247000e-05,3.26e+00,
1.248000e-05,3.26e+00,
1.249000e-05,3.26e+00,
1.250000e-05,3.26e+00,
1.251000e-05,3.26e+00,
1.252000e-05,3.26e+00,
1.253000e-05,3.26e+00,
1.254000e-05,3.26e+00,
1.255000e-05,3.26e+00,
1.256000e-05,3.26e+00,
1.257000e-05,3.26e+00,
1.258000e-05,3.26e+00,
1.259000e-05,3.26e+00,
1.260000e-05,3.26e+00,
1.261000e-05,3.26e+00,
1.262000e-05,3.26e+00,
1.263000e-05,3.26e+00,
1.264000e-05,3.26e+00,
1.265000e-05,3.26e+00,
1.266000e-05,3.26e+00,
1.267000e-05,3.26e+00,
1.268000e-05,3.26e+00,
1.269000e-05,3.26e+00,
1.270000e-05,3.26e+00,
1.271000e-05,3.26e+00,
1.272000e-05,3.26e+00,
1.273000e-05,3.26e+00,
1.274000e-05,3.26e+00,
1.275000e-05,3.26e+00,
1.276000e-05,3.26e+00,
1.277000e-05,3.26e+00,
1.278000e-05,3.26e+00,
1.279000e-05,3.26e+00,
1.280000e-05,3.26e+00,
1.281000e-05,3.26e+00,
1.282000e-05,3.26e+00,
1.283000e-05,3.26e+00,
1.284000e-05,3.26e+00,
1.285000e-05,3.26e+00,
1.286000e-05,3.26e+00,
1.287000e-05,3.26e+00,
1.288000e-05,3.26e+00,
1.289000e-05,3.26e+00,
1.290000e-05,3.26e+00,
1.291000e-05,3.26e+00,
1.292000e-05,3.26e+00,
1.293000e-05,3.26e+00,
1.294000e-05,3.26e+00,
1.295000e-05,3.26e+00,
1.296000e-05,3.26e+00,
1.297000e-05,3.26e+00,
1.298000e-05,3.26e+00,
1.299000e-05,3.26e+00,
1.300000e-05,3.26e+00,
1.301000e-05,3.26e+00,
1.302000e-05,3.26e+00,
1.303000e-05,3.26e+00,
1.304000e-05,3.26e+00,
1.305000e-05,3.26e+00,
1.306000e-05,3.26e+00,
1.307000e-05,3.26e+00,
1.308000e-05,3.26e+00,
1.309000e-05,3.26e+00,
1.310000e-05,3.26e+00,
1.311000e-05,3.26e+00,
1.312000e-05,3.26e+00,
1.313000e-05,3.26e+00,
1.314000e-05,3.26e+00,
1.315000e-05,3.26e+00,
1.316000e-05,3.26e+00,
1.317000e-05,3.26e+00,
1.318000e-05,3.26e+00,
1.319000e-05,3.26e+00,
1.320000e-05,3.26e+00,
1.321000e-05,3.26e+00,
1.322000e-05,3.26e+00,
1.323000e-05,3.26e+00,
1.324000e-05,3.26e+00,
1.325000e-05,3.26e+00,
1.326000e-05,3.26e+00,
1.327000e-05,3.26e+00,
1.328000e-05,3.26e+00,
1.329000e-05,3.26e+00,
1.330000e-05,3.26e+00,
1.331000e-05,3.26e+00,
1.332000e-05,3.26e+00,
1.333000e-05,3.26e+00,
1.334000e-05,3.26e+00,
1.335000e-05,3.26e+00,
1.336000e-05,3.26e+00,
1.337000e-05,3.26e+00,
1.338000e-05,3.26e+00,
1.339000e-05,3.26e+00,
1.340000e-05,3.26e+00,
1.341000e-05,3.26e+00,
1.342000e-05,3.26e+00,
1.343000e-05,3.26e+00,
1.344000e-05,3.26e+00,
1.345000e-05,3.26e+00,
1.346000e-05,3.26e+00,
1.347000e-05,3.26e+00,
1.348000e-05,3.26e+00,
1.349000e-05,3.26e+00,
1.350000e-05,3.26e+00,
1.351000e-05,3.26e+00,
1.352000e-05,3.26e+00,
1.353000e-05,3.26e+00,
1.354000e-05,3.26e+00,
1.355000e-05,3.26e+00,
1.356000e-05,3.26e+00,
1.357000e-05,3.26e+00,
1.358000e-05,3.26e+00,
1.359000e-05,3.26e+00,
1.360000e-05,3.26e+00,
1.361000e-05,3.26e+00,
1.362000e-05,3.26e+00,
1.363000e-05,3.26e+00,
1.364000e-05,3.26e+00,
1.365000e-05,3.26e+00,
1.366000e-05,3.26e+00,
1.367000e-05,3.26e+00,
1.368000e-05,3.26e+00,
1.369000e-05,3.26e+00,
1.370000e-05,3.26e+00,
1.371000e-05,3.26e+00,
1.372000e-05,3.26e+00,
1.373000e-05,3.26e+00,
1.374000e-05,3.26e+00,
1.375000e-05,3.26e+00,
1.376000e-05,3.26e+00,
1.377000e-05,3.26e+00,
1.378000e-05,3.26e+00,
1.379000e-05,3.26e+00,
1.380000e-05,3.26e+00,
1.381000e-05,3.26e+00,
1.382000e-05,3.26e+00,
1.383000e-05,3.26e+00,
1.384000e-05,3.26e+00,
1.385000e-05,3.26e+00,
1.386000e-05,3.26e+00,
1.387000e-05,3.26e+00,
1.388000e-05,3.26e+00,
1.389000e-05,3.26e+00,
1.390000e-05,3.26e+00,
1.391000e-05,3.26e+00,
1.392000e-05,3.26e+00,
1.393000e-05,3.26e+00,
1.394000e-05,3.26e+00,
1.395000e-05,3.26e+00,
1.396000e-05,3.26e+00,
1.397000e-05,3.26e+00,
1.398000e-05,3.26e+00,
1.399000e-05,3.26e+00,
1.400000e-05,3.26e+00,
1.401000e-05,3.26e+00,
1.402000e-05,3.26e+00,
1.403000e-05,3.26e+00,
1.404000e-05,3.26e+00,
1.405000e-05,3.26e+00,
1.406000e-05,3.26e+00,
1.407000e-05,3.26e+00,
1.408000e-05,3.26e+00,
1.409000e-05,3.26e+00,
1.410000e-05,3.26e+00,
1.411000e-05,3.26e+00,
1.412000e-05,3.26e+00,
1.413000e-05,3.26e+00,
1.414000e-05,3.26e+00,
1.415000e-05,3.26e+00,
1.416000e-05,3.26e+00,
1.417000e-05,3.26e+00,
1.418000e-05,3.26e+00,
1.419000e-05,3.26e+00,
1.420000e-05,3.26e+00,
1.421000e-05,3.26e+00,
1.422000e-05,3.26e+00,
1.423000e-05,3.26e+00,
1.424000e-05,3.26e+00,
1.425000e-05,3.26e+00,
1.426000e-05,3.26e+00,
1.427000e-05,3.26e+00,
1.428000e-05,3.26e+00,
1.429000e-05,3.26e+00,
1.430000e-05,3.26e+00,
1.431000e-05,3.26e+00,
1.432000e-05,3.26e+00,
1.433000e-05,3.26e+00,
1.434000e-05,3.26e+00,
1.435000e-05,3.26e+00,
1.436000e-05,3.26e+00,
1.437000e-05,3.26e+00,
1.438000e-05,3.26e+00,
1.439000e-05,3.26e+00,
1.440000e-05,3.26e+00,
1.441000e-05,3.26e+00,
1.442000e-05,3.26e+00,
1.443000e-05,3.26e+00,
1.444000e-05,3.26e+00,
1.445000e-05,3.26e+00,
1.446000e-05,3.26e+00,
1.447000e-05,3.26e+00,
1.448000e-05,3.26e+00,
1.449000e-05,3.26e+00,
1.450000e-05,3.26e+00,
1.451000e-05,3.26e+00,
1.452000e-05,3.26e+00,
1.453000e-05,3.26e+00,
1.454000e-05,3.26e+00,
1.455000e-05,3.26e+00,
1.456000e-05,3.26e+00,
1.457000e-05,3.26e+00,
1.458000e-05,3.26e+00,
1.459000e-05,3.26e+00,
1.460000e-05,3.26e+00,
1.461000e-05,3.26e+00,
1.462000e-05,3.26e+00,
1.463000e-05,3.26e+00,
1.464000e-05,3.26e+00,
1.465000e-05,3.26e+00,
1.466000e-05,3.26e+00,
1.467000e-05,3.26e+00,
1.468000e-05,3.26e+00,
1.469000e-05,3.26e+00,
1.470000e-05,3.26e+00,
1.471000e-05,3.26e+00,
1.472000e-05,3.26e+00,
1.473000e-05,3.26e+00,
1.474000e-05,3.26e+00,
1.475000e-05,3.26e+00,
1.476000e-05,3.26e+00,
1.477000e-05,3.26e+00,
1.478000e-05,3.26e+00,
1.479000e-05,3.26e+00,
1.480000e-05,3.26e+00,
1.481000e-05,3.26e+00,
1.482000e-05,3.26e+00,
1.483000e-05,3.26e+00,
1.484000e-05,3.26e+00,
1.485000e-05,3.26e+00,
1.486000e-05,3.26e+00,
1.487000e-05,3.26e+00,
1.488000e-05,3.26e+00,
1.489000e-05,3.26e+00,
1.490000e-05,3.26e+00,
1.491000e-05,3.26e+00,
1.492000e-05,3.26e+00,
1.493000e-05,3.26e+00,
1.494000e-05,3.26e+00,
1.495000e-05,3.26e+00,
1.496000e-05,3.26e+00,
1.497000e-05,3.26e+00,
1.498000e-05,3.26e+00,
1.499000e-05,3.26e+00,
1.500000e-05,3.26e+00,
1.501000e-05,3.26e+00,
1.502000e-05,3.26e+00,
1.503000e-05,3.26e+00,
1.504000e-05,3.26e+00,
1.505000e-05,3.26e+00,
1.506000e-05,3.26e+00,
1.507000e-05,3.26e+00,
1.508000e-05,3.26e+00,
1.509000e-05,3.26e+00,
1.510000e-05,3.26e+00,
1.511000e-05,3.26e+00,
1.512000e-05,3.26e+00,
1.513000e-05,3.26e+00,
1.514000e-05,3.26e+00,
1.515000e-05,3.26e+00,
1.516000e-05,3.26e+00,
1.517000e-05,3.26e+00,
1.518000e-05,3.26e+00,
1.519000e-05,3.26e+00,
1.520000e-05,3.26e+00,
1.521000e-05,3.26e+00,
1.522000e-05,3.26e+00,
1.523000e-05,3.26e+00,
1.524000e-05,3.26e+00,
1.525000e-05,3.26e+00,
1.526000e-05,3.26e+00,
1.527000e-05,3.26e+00,
1.528000e-05,3.26e+00,
1.529000e-05,3.26e+00,
1.530000e-05,3.26e+00,
1.531000e-05,3.26e+00,
1.532000e-05,3.26e+00,
1.533000e-05,3.26e+00,
1.534000e-05,3.26e+00,
1.535000e-05,3.26e+00,
1.536000e-05,3.26e+00,
1.537000e-05,3.26e+00,
1.538000e-05,3.26e+00,
1.539000e-05,3.26e+00,
1.540000e-05,3.26e+00,
1.541000e-05,3.26e+00,
1.542000e-05,3.26e+00,
1.543000e-05,3.26e+00,
1.544000e-05,3.26e+00,
1.545000e-05,3.26e+00,
1.546000e-05,3.26e+00,
1.547000e-05,3.26e+00,
1.548000e-05,3.26e+00,
1.549000e-05,3.26e+00,
1.550000e-05,3.26e+00,
1.551000e-05,3.26e+00,
1.552000e-05,3.26e+00,
1.553000e-05,3.26e+00,
1.554000e-05,3.26e+00,
1.555000e-05,3.26e+00,
1.556000e-05,3.26e+00,
1.557000e-05,3.26e+00,
1.558000e-05,3.26e+00,
1.559000e-05,3.26e+00,
1.560000e-05,3.26e+00,
1.561000e-05,3.26e+00,
1.562000e-05,3.26e+00,
1.563000e-05,3.26e+00,
1.564000e-05,3.26e+00,
1.565000e-05,3.26e+00,
1.566000e-05,3.26e+00,
1.567000e-05,3.26e+00,
1.568000e-05,3.26e+00,
1.569000e-05,3.26e+00,
1.570000e-05,3.26e+00,
1.571000e-05,3.26e+00,
1.572000e-05,3.26e+00,
1.573000e-05,3.26e+00,
1.574000e-05,3.26e+00,
1.575000e-05,3.26e+00,
1.576000e-05,3.26e+00,
1.577000e-05,3.26e+00,
1.578000e-05,3.26e+00,
1.579000e-05,3.26e+00,
1.580000e-05,3.26e+00,
1.581000e-05,3.26e+00,
1.582000e-05,3.26e+00,
1.583000e-05,3.26e+00,
1.584000e-05,3.26e+00,
1.585000e-05,3.26e+00,
1.586000e-05,3.26e+00,
1.587000e-05,3.26e+00,
1.588000e-05,3.26e+00,
1.589000e-05,3.26e+00,
1.590000e-05,3.26e+00,
1.591000e-05,3.26e+00,
1.592000e-05,3.26e+00,
1.593000e-05,3.26e+00,
1.594000e-05,3.26e+00,
1.595000e-05,3.26e+00,
1.596000e-05,3.26e+00,
1.597000e-05,3.26e+00,
1.598000e-05,3.26e+00,
1.599000e-05,3.26e+00,
1.600000e-05,3.26e+00,
1.601000e-05,3.26e+00,
1.602000e-05,3.26e+00,
1.603000e-05,3.26e+00,
1.604000e-05,3.26e+00,
1.605000e-05,3.26e+00,
1.606000e-05,3.26e+00,
1.607000e-05,3.26e+00,
1.608000e-05,3.26e+00,
1.609000e-05,3.26e+00,
1.610000e-05,3.26e+00,
1.611000e-05,3.26e+00,
1.612000e-05,3.26e+00,
1.613000e-05,3.26e+00,
1.614000e-05,3.26e+00,
1.615000e-05,3.26e+00,
1.616000e-05,3.26e+00,
1.617000e-05,3.26e+00,
1.618000e-05,3.26e+00,
1.619000e-05,3.26e+00,
1.620000e-05,3.26e+00,
1.621000e-05,3.26e+00,
1.622000e-05,3.26e+00,
1.623000e-05,3.26e+00,
1.624000e-05,3.26e+00,
1.625000e-05,3.26e+00,
1.626000e-05,3.26e+00,
1.627000e-05,3.26e+00,
1.628000e-05,3.26e+00,
1.629000e-05,3.26e+00,
1.630000e-05,3.26e+00,
1.631000e-05,3.26e+00,
1.632000e-05,3.26e+00,
1.633000e-05,3.26e+00,
1.634000e-05,3.26e+00,
1.635000e-05,3.26e+00,
1.636000e-05,3.26e+00,
1.637000e-05,3.26e+00,
1.638000e-05,3.26e+00,
1.639000e-05,3.26e+00,
1.640000e-05,3.26e+00,
1.641000e-05,3.26e+00,
1.642000e-05,3.26e+00,
1.643000e-05,3.26e+00,
1.644000e-05,3.26e+00,
1.645000e-05,3.26e+00,
1.646000e-05,3.26e+00,
1.647000e-05,3.26e+00,
1.648000e-05,3.26e+00,
1.649000e-05,3.26e+00,
1.650000e-05,3.26e+00,
1.651000e-05,3.26e+00,
1.652000e-05,3.26e+00,
1.653000e-05,3.26e+00,
1.654000e-05,3.26e+00,
1.655000e-05,3.26e+00,
1.656000e-05,3.26e+00,
1.657000e-05,3.26e+00,
1.658000e-05,3.26e+00,
1.659000e-05,3.26e+00,
1.660000e-05,3.26e+00,
1.661000e-05,3.26e+00,
1.662000e-05,3.26e+00,
1.663000e-05,3.26e+00,
1.664000e-05,3.26e+00,
1.665000e-05,3.26e+00,
1.666000e-05,3.26e+00,
1.667000e-05,3.26e+00,
1.668000e-05,3.26e+00,
1.669000e-05,3.26e+00,
1.670000e-05,3.26e+00,
1.671000e-05,3.26e+00,
1.672000e-05,3.26e+00,
1.673000e-05,3.26e+00,
1.674000e-05,3.26e+00,
1.675000e-05,3.26e+00,
1.676000e-05,3.26e+00,
1.677000e-05,3.26e+00,
1.678000e-05,3.26e+00,
1.679000e-05,3.26e+00,
1.680000e-05,3.26e+00,
1.681000e-05,3.26e+00,
1.682000e-05,3.26e+00,
1.683000e-05,3.26e+00,
1.684000e-05,3.26e+00,
1.685000e-05,3.26e+00,
1.686000e-05,3.26e+00,
1.687000e-05,3.26e+00,
1.688000e-05,3.26e+00,
1.689000e-05,3.26e+00,
1.690000e-05,3.26e+00,
1.691000e-05,3.26e+00,
1.692000e-05,3.26e+00,
1.693000e-05,3.26e+00,
1.694000e-05,3.26e+00,
1.695000e-05,3.26e+00,
1.696000e-05,3.26e+00,
1.697000e-05,3.26e+00,
1.698000e-05,3.26e+00,
1.699000e-05,3.26e+00,
1.700000e-05,3.26e+00,
1.701000e-05,3.26e+00,
1.702000e-05,3.26e+00,
1.703000e-05,3.26e+00,
1.704000e-05,3.26e+00,
1.705000e-05,3.26e+00,
1.706000e-05,3.26e+00,
1.707000e-05,3.26e+00,
1.708000e-05,3.26e+00,
1.709000e-05,3.26e+00,
1.710000e-05,3.26e+00,
1.711000e-05,3.26e+00,
1.712000e-05,3.26e+00,
1.713000e-05,3.26e+00,
1.714000e-05,3.26e+00,
1.715000e-05,3.26e+00,
1.716000e-05,3.26e+00,
1.717000e-05,3.26e+00,
1.718000e-05,3.26e+00,
1.719000e-05,3.26e+00,
1.720000e-05,3.26e+00,
1.721000e-05,3.26e+00,
1.722000e-05,3.26e+00,
1.723000e-05,3.26e+00,
1.724000e-05,3.26e+00,
1.725000e-05,3.26e+00,
1.726000e-05,3.26e+00,
1.727000e-05,3.26e+00,
1.728000e-05,3.26e+00,
1.729000e-05,3.26e+00,
1.730000e-05,3.26e+00,
1.731000e-05,3.26e+00,
1.732000e-05,3.26e+00,
1.733000e-05,3.26e+00,
1.734000e-05,3.26e+00,
1.735000e-05,3.26e+00,
1.736000e-05,3.26e+00,
1.737000e-05,3.26e+00,
1.738000e-05,3.26e+00,
1.739000e-05,3.26e+00,
1.740000e-05,3.26e+00,
1.741000e-05,3.26e+00,
1.742000e-05,3.26e+00,
1.743000e-05,3.26e+00,
1.744000e-05,3.26e+00,
1.745000e-05,3.26e+00,
1.746000e-05,3.26e+00,
1.747000e-05,3.26e+00,
1.748000e-05,3.26e+00,
1.749000e-05,3.26e+00,
1.750000e-05,3.26e+00,
1.751000e-05,3.26e+00,
1.752000e-05,3.26e+00,
1.753000e-05,3.26e+00,
1.754000e-05,3.26e+00,
1.755000e-05,3.26e+00,
1.756000e-05,3.26e+00,
1.757000e-05,3.26e+00,
1.758000e-05,3.26e+00,
1.759000e-05,3.26e+00,
1.760000e-05,3.26e+00,
1.761000e-05,3.26e+00,
1.762000e-05,3.26e+00,
1.763000e-05,3.26e+00,
1.764000e-05,3.26e+00,
1.765000e-05,3.26e+00,
1.766000e-05,3.26e+00,
1.767000e-05,3.26e+00,
1.768000e-05,3.26e+00,
1.769000e-05,3.26e+00,
1.770000e-05,3.26e+00,
1.771000e-05,3.26e+00,
1.772000e-05,3.26e+00,
1.773000e-05,3.26e+00,
1.774000e-05,3.26e+00,
1.775000e-05,3.26e+00,
1.776000e-05,3.26e+00,
1.777000e-05,3.26e+00,
1.778000e-05,3.26e+00,
1.779000e-05,3.26e+00,
1.780000e-05,3.26e+00,
1.781000e-05,3.26e+00,
1.782000e-05,3.26e+00,
1.783000e-05,3.26e+00,
1.784000e-05,3.26e+00,
1.785000e-05,3.26e+00,
1.786000e-05,3.26e+00,
1.787000e-05,3.26e+00,
1.788000e-05,3.26e+00,
1.789000e-05,3.26e+00,
1.790000e-05,3.26e+00,
1.791000e-05,3.26e+00,
1.792000e-05,3.26e+00,
1.793000e-05,3.26e+00,
1.794000e-05,3.26e+00,
1.795000e-05,3.26e+00,
1.796000e-05,3.26e+00,
1.797000e-05,3.26e+00,
1.798000e-05,3.26e+00,
1.799000e-05,3.26e+00,
1.800000e-05,3.26e+00,
1.801000e-05,3.26e+00,
1.802000e-05,3.26e+00,
1.803000e-05,3.26e+00,
1.804000e-05,3.26e+00,
1.805000e-05,3.26e+00,
1.806000e-05,3.26e+00,
1.807000e-05,3.26e+00,
1.808000e-05,3.26e+00,
1.809000e-05,3.26e+00,
1.810000e-05,3.26e+00,
1.811000e-05,3.26e+00,
1.812000e-05,3.26e+00,
1.813000e-05,3.26e+00,
1.814000e-05,3.26e+00,
1.815000e-05,3.26e+00,
1.816000e-05,3.26e+00,
1.817000e-05,3.26e+00,
1.818000e-05,3.26e+00,
1.819000e-05,3.26e+00,
1.820000e-05,3.26e+00,
1.821000e-05,3.26e+00,
1.822000e-05,3.26e+00,
1.823000e-05,3.26e+00,
1.824000e-05,3.26e+00,
1.825000e-05,3.26e+00,
1.826000e-05,3.26e+00,
1.827000e-05,3.26e+00,
1.828000e-05,3.26e+00,
1.829000e-05,3.26e+00,
1.830000e-05,3.26e+00,
1.831000e-05,3.26e+00,
1.832000e-05,3.26e+00,
1.833000e-05,3.26e+00,
1.834000e-05,3.26e+00,
1.835000e-05,3.26e+00,
1.836000e-05,3.26e+00,
1.837000e-05,3.26e+00,
1.838000e-05,3.26e+00,
1.839000e-05,3.26e+00,
1.840000e-05,3.26e+00,
1.841000e-05,3.26e+00,
1.842000e-05,3.26e+00,
1.843000e-05,3.26e+00,
1.844000e-05,3.26e+00,
1.845000e-05,3.26e+00,
1.846000e-05,3.26e+00,
1.847000e-05,3.26e+00,
1.848000e-05,3.26e+00,
1.849000e-05,3.26e+00,
1.850000e-05,3.26e+00,
1.851000e-05,3.26e+00,
1.852000e-05,3.26e+00,
1.853000e-05,3.26e+00,
1.854000e-05,3.26e+00,
1.855000e-05,3.26e+00,
1.856000e-05,3.26e+00,
1.857000e-05,3.26e+00,
1.858000e-05,3.26e+00,
1.859000e-05,3.26e+00,
1.860000e-05,3.26e+00,
1.861000e-05,3.26e+00,
1.862000e-05,3.26e+00,
1.863000e-05,3.26e+00,
1.864000e-05,3.26e+00,
1.865000e-05,3.26e+00,
1.866000e-05,3.26e+00,
1.867000e-05,3.26e+00,
1.868000e-05,3.26e+00,
1.869000e-05,3.26e+00,
1.870000e-05,3.26e+00,
1.871000e-05,3.26e+00,
1.872000e-05,3.26e+00,
1.873000e-05,3.26e+00,
1.874000e-05,3.26e+00,
1.875000e-05,3.26e+00,
1.876000e-05,3.26e+00,
1.877000e-05,3.26e+00,
1.878000e-05,3.26e+00,
1.879000e-05,3.26e+00,
1.880000e-05,3.26e+00,
1.881000e-05,3.26e+00,
1.882000e-05,3.26e+00,
1.883000e-05,3.26e+00,
1.884000e-05,3.26e+00,
1.885000e-05,3.26e+00,
1.886000e-05,3.26e+00,
1.887000e-05,3.26e+00,
1.888000e-05,3.26e+00,
1.889000e-05,3.26e+00,
1.890000e-05,3.26e+00,
1.891000e-05,3.26e+00,
1.892000e-05,3.26e+00,
1.893000e-05,3.26e+00,
1.894000e-05,3.26e+00,
1.895000e-05,3.26e+00,
1.896000e-05,3.26e+00,
1.897000e-05,3.26e+00,
1.898000e-05,3.26e+00,
1.899000e-05,3.26e+00,
1.900000e-05,3.26e+00,
1.901000e-05,3.26e+00,
1.902000e-05,3.26e+00,
1.903000e-05,3.26e+00,
1.904000e-05,3.26e+00,
1.905000e-05,3.26e+00,
1.906000e-05,3.26e+00,
1.907000e-05,3.26e+00,
1.908000e-05,3.26e+00,
1.909000e-05,3.26e+00,
1.910000e-05,3.26e+00,
1.911000e-05,3.26e+00,
1.912000e-05,3.26e+00,
1.913000e-05,3.26e+00,
1.914000e-05,3.26e+00,
1.915000e-05,3.26e+00,
1.916000e-05,3.26e+00,
1.917000e-05,3.26e+00,
1.918000e-05,3.26e+00,
1.919000e-05,3.26e+00,
1.920000e-05,3.26e+00,
1.921000e-05,3.26e+00,
1.922000e-05,3.26e+00,
1.923000e-05,3.26e+00,
1.924000e-05,3.26e+00,
1.925000e-05,3.26e+00,
1.926000e-05,3.26e+00,
1.927000e-05,3.26e+00,
1.928000e-05,3.26e+00,
1.929000e-05,3.26e+00,
1.930000e-05,3.26e+00,
1.931000e-05,3.26e+00,
1.932000e-05,3.26e+00,
1.933000e-05,3.26e+00,
1.934000e-05,3.26e+00,
1.935000e-05,3.26e+00,
1.936000e-05,3.26e+00,
1.937000e-05,3.26e+00,
1.938000e-05,3.26e+00,
1.939000e-05,3.26e+00,
1.940000e-05,3.26e+00,
1.941000e-05,3.26e+00,
1.942000e-05,3.26e+00,
1.943000e-05,3.26e+00,
1.944000e-05,3.26e+00,
1.945000e-05,3.26e+00,
1.946000e-05,3.26e+00,
1.947000e-05,3.26e+00,
1.948000e-05,3.26e+00,
1.949000e-05,3.26e+00,
1.950000e-05,3.26e+00,
1.951000e-05,3.26e+00,
1.952000e-05,3.26e+00,
1.953000e-05,3.26e+00,
1.954000e-05,3.26e+00,
1.955000e-05,3.26e+00,
1.956000e-05,3.26e+00,
1.957000e-05,3.26e+00,
1.958000e-05,3.26e+00,
1.959000e-05,3.26e+00,
1.960000e-05,3.26e+00,
1.961000e-05,3.26e+00,
1.962000e-05,3.26e+00,
1.963000e-05,3.26e+00,
1.964000e-05,3.26e+00,
1.965000e-05,3.26e+00,
1.966000e-05,3.26e+00,
1.967000e-05,3.26e+00,
1.968000e-05,3.26e+00,
1.969000e-05,3.26e+00,
1.970000e-05,3.26e+00,
1.971000e-05,3.26e+00,
1.972000e-05,3.26e+00,
1.973000e-05,3.26e+00,
1.974000e-05,3.26e+00,
1.975000e-05,3.26e+00,
1.976000e-05,3.26e+00,
1.977000e-05,3.26e+00,
1.978000e-05,3.26e+00,
1.979000e-05,3.26e+00,
1.980000e-05,3.26e+00,
1.981000e-05,3.26e+00,
1.982000e-05,3.26e+00,
1.983000e-05,3.26e+00,
1.984000e-05,3.26e+00,
1.985000e-05,3.26e+00,
1.986000e-05,3.26e+00,
1.987000e-05,3.26e+00,
1.988000e-05,3.26e+00,
1.989000e-05,3.26e+00,
1.990000e-05,3.26e+00,
1.991000e-05,3.26e+00,
1.992000e-05,3.26e+00,
1.993000e-05,3.26e+00,
1.994000e-05,3.26e+00,
1.995000e-05,3.26e+00,
1.996000e-05,3.26e+00,
1.997000e-05,3.26e+00,
1.998000e-05,3.26e+00,
1.999000e-05,3.26e+00,
2.000000e-05,3.26e+00,
2.001000e-05,3.26e+00,
2.002000e-05,3.26e+00,
2.003000e-05,3.26e+00,
2.004000e-05,3.26e+00,
2.005000e-05,3.26e+00,
2.006000e-05,3.26e+00,
2.007000e-05,3.26e+00,
2.008000e-05,3.26e+00,
2.009000e-05,3.26e+00,
2.010000e-05,3.26e+00,
2.011000e-05,3.26e+00,
2.012000e-05,3.26e+00,
2.013000e-05,3.26e+00,
2.014000e-05,3.26e+00,
2.015000e-05,3.26e+00,
2.016000e-05,3.26e+00,
2.017000e-05,3.26e+00,
2.018000e-05,3.26e+00,
2.019000e-05,3.26e+00,
2.020000e-05,3.26e+00,
2.021000e-05,3.26e+00,
2.022000e-05,3.26e+00,
2.023000e-05,3.26e+00,
2.024000e-05,3.26e+00,
2.025000e-05,3.26e+00,
2.026000e-05,3.26e+00,
2.027000e-05,3.26e+00,
2.028000e-05,3.26e+00,
2.029000e-05,3.26e+00,
2.030000e-05,3.26e+00,
2.031000e-05,3.26e+00,
2.032000e-05,3.26e+00,
2.033000e-05,3.26e+00,
2.034000e-05,3.26e+00,
2.035000e-05,3.26e+00,
2.036000e-05,3.26e+00,
2.037000e-05,3.26e+00,
2.038000e-05,3.26e+00,
2.039000e-05,3.26e+00,
2.040000e-05,3.26e+00,
2.041000e-05,3.26e+00,
2.042000e-05,3.26e+00,
2.043000e-05,3.26e+00,
2.044000e-05,3.26e+00,
2.045000e-05,3.26e+00,
2.046000e-05,3.26e+00,
2.047000e-05,3.26e+00,
2.048000e-05,3.26e+00,
2.049000e-05,3.26e+00,
2.050000e-05,3.26e+00,
2.051000e-05,3.26e+00,
2.052000e-05,3.26e+00,
2.053000e-05,3.26e+00,
2.054000e-05,3.26e+00,
2.055000e-05,3.26e+00,
2.056000e-05,3.26e+00,
2.057000e-05,3.26e+00,
2.058000e-05,3.26e+00,
2.059000e-05,3.26e+00,
2.060000e-05,3.26e+00,
2.061000e-05,3.26e+00,
2.062000e-05,3.26e+00,
2.063000e-05,3.26e+00,
2.064000e-05,3.26e+00,
2.065000e-05,3.26e+00,
2.066000e-05,3.26e+00,
2.067000e-05,3.26e+00,
2.068000e-05,3.26e+00,
2.069000e-05,3.26e+00,
2.070000e-05,3.26e+00,
2.071000e-05,3.26e+00,
2.072000e-05,3.26e+00,
2.073000e-05,3.26e+00,
2.074000e-05,3.26e+00,
2.075000e-05,3.26e+00,
2.076000e-05,3.26e+00,
2.077000e-05,3.26e+00,
2.078000e-05,3.26e+00,
2.079000e-05,3.26e+00,
2.080000e-05,3.26e+00,
2.081000e-05,3.26e+00,
2.082000e-05,3.26e+00,
2.083000e-05,3.26e+00,
2.084000e-05,3.26e+00,
2.085000e-05,3.26e+00,
2.086000e-05,3.26e+00,
2.087000e-05,3.26e+00,
2.088000e-05,3.26e+00,
2.089000e-05,3.26e+00,
2.090000e-05,3.26e+00,
2.091000e-05,3.26e+00,
2.092000e-05,3.26e+00,
2.093000e-05,3.26e+00,
2.094000e-05,3.26e+00,
2.095000e-05,3.26e+00,
2.096000e-05,3.26e+00,
2.097000e-05,3.26e+00,
2.098000e-05,3.26e+00,
2.099000e-05,3.26e+00,
2.100000e-05,3.26e+00,
2.101000e-05,3.26e+00,
2.102000e-05,3.26e+00,
2.103000e-05,3.26e+00,
2.104000e-05,3.26e+00,
2.105000e-05,3.26e+00,
2.106000e-05,3.26e+00,
2.107000e-05,3.26e+00,
2.108000e-05,3.26e+00,
2.109000e-05,3.26e+00,
2.110000e-05,3.26e+00,
2.111000e-05,3.26e+00,
2.112000e-05,3.26e+00,
2.113000e-05,3.26e+00,
2.114000e-05,3.26e+00,
2.115000e-05,3.26e+00,
2.116000e-05,3.26e+00,
2.117000e-05,3.26e+00,
2.118000e-05,3.26e+00,
2.119000e-05,3.26e+00,
2.120000e-05,3.26e+00,
2.121000e-05,3.26e+00,
2.122000e-05,3.26e+00,
2.123000e-05,3.26e+00,
2.124000e-05,3.26e+00,
2.125000e-05,3.26e+00,
2.126000e-05,3.26e+00,
2.127000e-05,3.26e+00,
2.128000e-05,3.26e+00,
2.129000e-05,3.26e+00,
2.130000e-05,3.26e+00,
2.131000e-05,3.26e+00,
2.132000e-05,3.26e+00,
2.133000e-05,3.26e+00,
2.134000e-05,3.26e+00,
2.135000e-05,3.26e+00,
2.136000e-05,3.26e+00,
2.137000e-05,3.26e+00,
2.138000e-05,3.26e+00,
2.139000e-05,3.26e+00,
2.140000e-05,3.26e+00,
2.141000e-05,3.26e+00,
2.142000e-05,3.26e+00,
2.143000e-05,3.26e+00,
2.144000e-05,3.26e+00,
2.145000e-05,3.26e+00,
2.146000e-05,3.26e+00,
2.147000e-05,3.26e+00,
2.148000e-05,3.26e+00,
2.149000e-05,3.26e+00,
2.150000e-05,3.26e+00,
2.151000e-05,3.26e+00,
2.152000e-05,3.26e+00,
2.153000e-05,3.26e+00,
2.154000e-05,3.26e+00,
2.155000e-05,3.26e+00,
2.156000e-05,3.26e+00,
2.157000e-05,3.26e+00,
2.158000e-05,3.26e+00,
2.159000e-05,3.26e+00,
2.160000e-05,3.26e+00,
2.161000e-05,3.26e+00,
2.162000e-05,3.26e+00,
2.163000e-05,3.26e+00,
2.164000e-05,3.26e+00,
2.165000e-05,3.26e+00,
2.166000e-05,3.26e+00,
2.167000e-05,3.26e+00,
2.168000e-05,3.26e+00,
2.169000e-05,3.26e+00,
2.170000e-05,3.26e+00,
2.171000e-05,3.26e+00,
2.172000e-05,3.26e+00,
2.173000e-05,3.26e+00,
2.174000e-05,3.26e+00,
2.175000e-05,3.26e+00,
2.176000e-05,3.26e+00,
2.177000e-05,3.26e+00,
2.178000e-05,3.26e+00,
2.179000e-05,3.26e+00,
2.180000e-05,3.26e+00,
2.181000e-05,3.26e+00,
2.182000e-05,3.26e+00,
2.183000e-05,3.26e+00,
2.184000e-05,3.26e+00,
2.185000e-05,3.26e+00,
2.186000e-05,3.26e+00,
2.187000e-05,3.26e+00,
2.188000e-05,3.26e+00,
2.189000e-05,3.26e+00,
2.190000e-05,3.26e+00,
2.191000e-05,3.26e+00,
2.192000e-05,3.26e+00,
2.193000e-05,3.26e+00,
2.194000e-05,3.26e+00,
2.195000e-05,3.26e+00,
2.196000e-05,3.26e+00,
2.197000e-05,3.26e+00,
2.198000e-05,3.26e+00,
2.199000e-05,3.26e+00,
2.200000e-05,3.26e+00,
2.201000e-05,3.26e+00,
2.202000e-05,3.26e+00,
2.203000e-05,3.26e+00,
2.204000e-05,3.26e+00,
2.205000e-05,3.26e+00,
2.206000e-05,3.26e+00,
2.207000e-05,3.26e+00,
2.208000e-05,3.26e+00,
2.209000e-05,3.26e+00,
2.210000e-05,3.26e+00,
2.211000e-05,3.26e+00,
2.212000e-05,3.26e+00,
2.213000e-05,3.26e+00,
2.214000e-05,3.26e+00,
2.215000e-05,3.26e+00,
2.216000e-05,3.26e+00,
2.217000e-05,3.26e+00,
2.218000e-05,3.26e+00,
2.219000e-05,3.26e+00,
2.220000e-05,3.26e+00,
2.221000e-05,3.26e+00,
2.222000e-05,3.26e+00,
2.223000e-05,3.26e+00,
2.224000e-05,3.26e+00,
2.225000e-05,3.26e+00,
2.226000e-05,3.26e+00,
2.227000e-05,3.26e+00,
2.228000e-05,3.26e+00,
2.229000e-05,3.26e+00,
2.230000e-05,3.26e+00,
2.231000e-05,3.26e+00,
2.232000e-05,3.26e+00,
2.233000e-05,3.26e+00,
2.234000e-05,3.26e+00,
2.235000e-05,3.26e+00,
2.236000e-05,3.26e+00,
2.237000e-05,3.26e+00,
2.238000e-05,3.26e+00,
2.239000e-05,3.26e+00,
2.240000e-05,3.26e+00,
2.241000e-05,3.26e+00,
2.242000e-05,3.26e+00,
2.243000e-05,3.26e+00,
2.244000e-05,3.26e+00,
2.245000e-05,3.26e+00,
2.246000e-05,3.26e+00,
2.247000e-05,3.26e+00,
2.248000e-05,3.26e+00,
2.249000e-05,3.26e+00,
2.250000e-05,3.26e+00,
2.251000e-05,3.26e+00,
2.252000e-05,3.26e+00,
2.253000e-05,3.26e+00,
2.254000e-05,3.26e+00,
2.255000e-05,3.26e+00,
2.256000e-05,3.26e+00,
2.257000e-05,3.26e+00,
2.258000e-05,3.26e+00,
2.259000e-05,3.26e+00,
2.260000e-05,3.26e+00,
2.261000e-05,3.26e+00,
2.262000e-05,3.26e+00,
2.263000e-05,3.26e+00,
2.264000e-05,3.26e+00,
2.265000e-05,3.26e+00,
2.266000e-05,3.26e+00,
2.267000e-05,3.26e+00,
2.268000e-05,3.26e+00,
2.269000e-05,3.26e+00,
2.270000e-05,3.26e+00,
2.271000e-05,3.26e+00,
2.272000e-05,3.26e+00,
2.273000e-05,3.26e+00,
2.274000e-05,3.26e+00,
2.275000e-05,3.26e+00,
2.276000e-05,3.26e+00,
2.277000e-05,3.26e+00,
2.278000e-05,3.26e+00,
2.279000e-05,3.26e+00,
2.280000e-05,3.26e+00,
2.281000e-05,3.26e+00,
2.282000e-05,3.26e+00,
2.283000e-05,3.26e+00,
2.284000e-05,3.26e+00,
2.285000e-05,3.26e+00,
2.286000e-05,3.26e+00,
2.287000e-05,3.26e+00,
2.288000e-05,3.26e+00,
2.289000e-05,3.26e+00,
2.290000e-05,3.26e+00,
2.291000e-05,3.26e+00,
2.292000e-05,3.26e+00,
2.293000e-05,3.26e+00,
2.294000e-05,3.26e+00,
2.295000e-05,3.26e+00,
2.296000e-05,3.26e+00,
2.297000e-05,3.26e+00,
2.298000e-05,3.26e+00,
2.299000e-05,3.26e+00,
2.300000e-05,3.26e+00,
2.301000e-05,3.26e+00,
2.302000e-05,3.26e+00,
2.303000e-05,3.26e+00,
2.304000e-05,3.26e+00,
2.305000e-05,3.26e+00,
2.306000e-05,3.26e+00,
2.307000e-05,3.26e+00,
2.308000e-05,3.26e+00,
2.309000e-05,3.26e+00,
2.310000e-05,3.26e+00,
2.311000e-05,3.26e+00,
2.312000e-05,3.26e+00,
2.313000e-05,3.26e+00,
2.314000e-05,3.26e+00,
2.315000e-05,3.26e+00,
2.316000e-05,3.26e+00,
2.317000e-05,3.26e+00,
2.318000e-05,3.26e+00,
2.319000e-05,3.26e+00,
2.320000e-05,3.26e+00,
2.321000e-05,3.26e+00,
2.322000e-05,3.26e+00,
2.323000e-05,3.26e+00,
2.324000e-05,3.26e+00,
2.325000e-05,3.26e+00,
2.326000e-05,3.26e+00,
2.327000e-05,3.26e+00,
2.328000e-05,3.26e+00,
2.329000e-05,3.26e+00,
2.330000e-05,3.26e+00,
2.331000e-05,3.26e+00,
2.332000e-05,3.26e+00,
2.333000e-05,3.26e+00,
2.334000e-05,3.26e+00,
2.335000e-05,3.26e+00,
2.336000e-05,3.26e+00,
2.337000e-05,3.26e+00,
2.338000e-05,3.26e+00,
2.339000e-05,3.26e+00,
2.340000e-05,3.26e+00,
2.341000e-05,3.26e+00,
2.342000e-05,3.26e+00,
2.343000e-05,3.26e+00,
2.344000e-05,3.26e+00,
2.345000e-05,3.26e+00,
2.346000e-05,3.26e+00,
2.347000e-05,3.26e+00,
2.348000e-05,3.26e+00,
2.349000e-05,3.26e+00,
2.350000e-05,3.26e+00,
2.351000e-05,3.26e+00,
2.352000e-05,3.26e+00,
2.353000e-05,3.26e+00,
2.354000e-05,3.26e+00,
2.355000e-05,3.26e+00,
2.356000e-05,3.26e+00,
2.357000e-05,3.26e+00,
2.358000e-05,3.26e+00,
2.359000e-05,3.26e+00,
2.360000e-05,3.26e+00,
2.361000e-05,3.26e+00,
2.362000e-05,3.26e+00,
2.363000e-05,3.26e+00,
2.364000e-05,3.26e+00,
2.365000e-05,3.26e+00,
2.366000e-05,3.26e+00,
2.367000e-05,3.26e+00,
2.368000e-05,3.26e+00,
2.369000e-05,3.26e+00,
2.370000e-05,3.26e+00,
2.371000e-05,3.26e+00,
2.372000e-05,3.26e+00,
2.373000e-05,3.26e+00,
2.374000e-05,3.26e+00,
2.375000e-05,3.26e+00,
2.376000e-05,3.26e+00,
2.377000e-05,3.26e+00,
2.378000e-05,3.26e+00,
2.379000e-05,3.26e+00,
2.380000e-05,3.26e+00,
2.381000e-05,3.26e+00,
2.382000e-05,3.26e+00,
2.383000e-05,3.26e+00,
2.384000e-05,3.26e+00,
2.385000e-05,3.26e+00,
2.386000e-05,3.26e+00,
2.387000e-05,3.26e+00,
2.388000e-05,3.26e+00,
2.389000e-05,3.26e+00,
2.390000e-05,3.26e+00,
2.391000e-05,3.26e+00,
2.392000e-05,3.26e+00,
2.393000e-05,3.26e+00,
2.394000e-05,3.26e+00,
2.395000e-05,3.26e+00,
2.396000e-05,3.26e+00,
2.397000e-05,3.26e+00,
2.398000e-05,3.26e+00,
2.399000e-05,3.26e+00,
2.400000e-05,3.26e+00,
2.401000e-05,3.26e+00,
2.402000e-05,3.26e+00,
2.403000e-05,3.26e+00,
2.404000e-05,3.26e+00,
2.405000e-05,3.26e+00,
2.406000e-05,3.26e+00,
2.407000e-05,3.26e+00,
2.408000e-05,3.26e+00,
2.409000e-05,3.26e+00,
2.410000e-05,3.26e+00,
2.411000e-05,3.26e+00,
2.412000e-05,3.26e+00,
2.413000e-05,3.26e+00,
2.414000e-05,3.26e+00,
2.415000e-05,3.26e+00,
2.416000e-05,3.26e+00,
2.417000e-05,3.26e+00,
2.418000e-05,3.26e+00,
2.419000e-05,3.26e+00,
2.420000e-05,3.26e+00,
2.421000e-05,3.26e+00,
2.422000e-05,3.26e+00,
2.423000e-05,3.26e+00,
2.424000e-05,3.26e+00,
2.425000e-05,3.26e+00,
2.426000e-05,3.26e+00,
2.427000e-05,3.26e+00,
2.428000e-05,3.26e+00,
2.429000e-05,3.26e+00,
2.430000e-05,3.26e+00,
2.431000e-05,3.26e+00,
2.432000e-05,3.26e+00,
2.433000e-05,3.26e+00,
2.434000e-05,3.26e+00,
2.435000e-05,3.26e+00,
2.436000e-05,3.26e+00,
2.437000e-05,3.26e+00,
2.438000e-05,3.26e+00,
2.439000e-05,3.26e+00,
2.440000e-05,3.26e+00,
2.441000e-05,3.26e+00,
2.442000e-05,3.26e+00,
2.443000e-05,3.26e+00,
2.444000e-05,3.26e+00,
2.445000e-05,3.26e+00,
2.446000e-05,3.26e+00,
2.447000e-05,3.26e+00,
2.448000e-05,3.26e+00,
2.449000e-05,3.26e+00,
2.450000e-05,3.26e+00,
2.451000e-05,3.26e+00,
2.452000e-05,3.26e+00,
2.453000e-05,3.26e+00,
2.454000e-05,3.26e+00,
2.455000e-05,3.26e+00,
2.456000e-05,3.26e+00,
2.457000e-05,3.26e+00,
2.458000e-05,3.26e+00,
2.459000e-05,3.26e+00,
2.460000e-05,3.26e+00,
2.461000e-05,3.26e+00,
2.462000e-05,3.26e+00,
2.463000e-05,3.26e+00,
2.464000e-05,3.26e+00,
2.465000e-05,3.26e+00,
2.466000e-05,3.26e+00,
2.467000e-05,3.26e+00,
2.468000e-05,3.26e+00,
2.469000e-05,3.26e+00,
2.470000e-05,3.26e+00,
2.471000e-05,3.26e+00,
2.472000e-05,3.26e+00,
2.473000e-05,3.26e+00,
2.474000e-05,3.26e+00,
2.475000e-05,3.26e+00,
2.476000e-05,3.26e+00,
2.477000e-05,3.26e+00,
2.478000e-05,3.26e+00,
2.479000e-05,3.26e+00,
2.480000e-05,3.26e+00,
2.481000e-05,3.26e+00,
2.482000e-05,3.26e+00,
2.483000e-05,3.26e+00,
2.484000e-05,3.26e+00,
2.485000e-05,3.26e+00,
2.486000e-05,3.26e+00,
2.487000e-05,3.26e+00,
2.488000e-05,3.26e+00,
2.489000e-05,3.26e+00,
2.490000e-05,3.26e+00,
2.491000e-05,3.26e+00,
2.492000e-05,3.26e+00,
2.493000e-05,3.26e+00,
2.494000e-05,3.26e+00,
2.495000e-05,3.26e+00,
2.496000e-05,3.26e+00,
2.497000e-05,3.26e+00,
2.498000e-05,3.26e+00,
2.499000e-05,3.26e+00,
2.500000e-05,3.26e+00,
2.501000e-05,3.26e+00,
2.502000e-05,3.26e+00,
2.503000e-05,3.26e+00,
2.504000e-05,3.26e+00,
2.505000e-05,3.26e+00,
2.506000e-05,3.26e+00,
2.507000e-05,3.26e+00,
2.508000e-05,3.26e+00,
2.509000e-05,3.26e+00,
2.510000e-05,3.26e+00,
2.511000e-05,3.26e+00,
2.512000e-05,3.26e+00,
2.513000e-05,3.26e+00,
2.514000e-05,3.26e+00,
2.515000e-05,3.26e+00,
2.516000e-05,3.26e+00,
2.517000e-05,3.26e+00,
2.518000e-05,3.26e+00,
2.519000e-05,3.26e+00,
2.520000e-05,3.26e+00,
2.521000e-05,3.26e+00,
2.522000e-05,3.26e+00,
2.523000e-05,3.26e+00,
2.524000e-05,3.26e+00,
2.525000e-05,3.26e+00,
2.526000e-05,3.26e+00,
2.527000e-05,3.26e+00,
2.528000e-05,3.26e+00,
2.529000e-05,3.26e+00,
2.530000e-05,3.26e+00,
2.531000e-05,3.26e+00,
2.532000e-05,3.26e+00,
2.533000e-05,3.26e+00,
2.534000e-05,3.26e+00,
2.535000e-05,3.26e+00,
2.536000e-05,3.26e+00,
2.537000e-05,3.26e+00,
2.538000e-05,3.26e+00,
2.539000e-05,3.26e+00,
2.540000e-05,3.26e+00,
2.541000e-05,3.26e+00,
2.542000e-05,3.26e+00,
2.543000e-05,3.26e+00,
2.544000e-05,3.26e+00,
2.545000e-05,3.26e+00,
2.546000e-05,3.26e+00,
2.547000e-05,3.26e+00,
2.548000e-05,3.26e+00,
2.549000e-05,3.26e+00,
2.550000e-05,3.26e+00,
2.551000e-05,3.26e+00,
2.552000e-05,3.26e+00,
2.553000e-05,3.26e+00,
2.554000e-05,3.26e+00,
2.555000e-05,3.26e+00,
2.556000e-05,3.26e+00,
2.557000e-05,3.26e+00,
2.558000e-05,3.26e+00,
2.559000e-05,3.26e+00,
2.560000e-05,3.26e+00,
2.561000e-05,3.26e+00,
2.562000e-05,3.26e+00,
2.563000e-05,3.26e+00,
2.564000e-05,3.26e+00,
2.565000e-05,3.26e+00,
2.566000e-05,3.26e+00,
2.567000e-05,3.26e+00,
2.568000e-05,3.26e+00,
2.569000e-05,3.26e+00,
2.570000e-05,3.26e+00,
2.571000e-05,3.26e+00,
2.572000e-05,3.26e+00,
2.573000e-05,3.26e+00,
2.574000e-05,3.26e+00,
2.575000e-05,3.26e+00,
2.576000e-05,3.26e+00,
2.577000e-05,3.26e+00,
2.578000e-05,3.26e+00,
2.579000e-05,3.26e+00,
2.580000e-05,3.26e+00,
2.581000e-05,3.26e+00,
2.582000e-05,3.26e+00,
2.583000e-05,3.26e+00,
2.584000e-05,3.26e+00,
2.585000e-05,3.26e+00,
2.586000e-05,3.26e+00,
2.587000e-05,3.26e+00,
2.588000e-05,3.26e+00,
2.589000e-05,3.26e+00,
2.590000e-05,3.26e+00,
2.591000e-05,3.26e+00,
2.592000e-05,3.26e+00,
2.593000e-05,3.26e+00,
2.594000e-05,3.26e+00,
2.595000e-05,3.26e+00,
2.596000e-05,3.26e+00,
2.597000e-05,3.26e+00,
2.598000e-05,3.26e+00,
2.599000e-05,3.26e+00,
2.600000e-05,3.26e+00,
2.601000e-05,3.26e+00,
2.602000e-05,3.26e+00,
2.603000e-05,3.26e+00,
2.604000e-05,3.26e+00,
2.605000e-05,3.26e+00,
2.606000e-05,3.26e+00,
2.607000e-05,3.26e+00,
2.608000e-05,3.26e+00,
2.609000e-05,3.26e+00,
2.610000e-05,3.26e+00,
2.611000e-05,3.26e+00,
2.612000e-05,3.26e+00,
2.613000e-05,3.26e+00,
2.614000e-05,3.26e+00,
2.615000e-05,3.26e+00,
2.616000e-05,3.26e+00,
2.617000e-05,3.26e+00,
2.618000e-05,3.26e+00,
2.619000e-05,3.26e+00,
2.620000e-05,3.26e+00,
2.621000e-05,3.26e+00,
2.622000e-05,3.26e+00,
2.623000e-05,3.26e+00,
2.624000e-05,3.26e+00,
2.625000e-05,3.26e+00,
2.626000e-05,3.26e+00,
2.627000e-05,3.26e+00,
2.628000e-05,3.26e+00,
2.629000e-05,3.26e+00,
2.630000e-05,3.26e+00,
2.631000e-05,3.26e+00,
2.632000e-05,3.26e+00,
2.633000e-05,3.26e+00,
2.634000e-05,3.26e+00,
2.635000e-05,3.26e+00,
2.636000e-05,3.26e+00,
2.637000e-05,3.26e+00,
2.638000e-05,3.26e+00,
2.639000e-05,3.26e+00,
2.640000e-05,3.26e+00,
2.641000e-05,3.26e+00,
2.642000e-05,3.26e+00,
2.643000e-05,3.26e+00,
2.644000e-05,3.26e+00,
2.645000e-05,3.26e+00,
2.646000e-05,3.26e+00,
2.647000e-05,3.26e+00,
2.648000e-05,3.26e+00,
2.649000e-05,3.26e+00,
2.650000e-05,3.26e+00,
2.651000e-05,3.26e+00,
2.652000e-05,3.26e+00,
2.653000e-05,3.26e+00,
2.654000e-05,3.26e+00,
2.655000e-05,3.26e+00,
2.656000e-05,3.26e+00,
2.657000e-05,3.26e+00,
2.658000e-05,3.26e+00,
2.659000e-05,3.26e+00,
2.660000e-05,3.26e+00,
2.661000e-05,3.26e+00,
2.662000e-05,3.26e+00,
2.663000e-05,3.26e+00,
2.664000e-05,3.26e+00,
2.665000e-05,3.26e+00,
2.666000e-05,3.26e+00,
2.667000e-05,3.26e+00,
2.668000e-05,3.26e+00,
2.669000e-05,3.26e+00,
2.670000e-05,3.26e+00,
2.671000e-05,3.26e+00,
2.672000e-05,3.26e+00,
2.673000e-05,3.26e+00,
2.674000e-05,3.26e+00,
2.675000e-05,3.26e+00,
2.676000e-05,3.26e+00,
2.677000e-05,3.26e+00,
2.678000e-05,3.26e+00,
2.679000e-05,3.26e+00,
2.680000e-05,3.26e+00,
2.681000e-05,3.26e+00,
2.682000e-05,3.26e+00,
2.683000e-05,3.26e+00,
2.684000e-05,3.26e+00,
2.685000e-05,3.26e+00,
2.686000e-05,3.26e+00,
2.687000e-05,3.26e+00,
2.688000e-05,3.26e+00,
2.689000e-05,3.26e+00,
2.690000e-05,3.26e+00,
2.691000e-05,3.26e+00,
2.692000e-05,3.26e+00,
2.693000e-05,3.26e+00,
2.694000e-05,3.26e+00,
2.695000e-05,3.26e+00,
2.696000e-05,3.26e+00,
2.697000e-05,3.26e+00,
2.698000e-05,3.26e+00,
2.699000e-05,3.26e+00,
2.700000e-05,3.26e+00,
2.701000e-05,3.26e+00,
2.702000e-05,3.26e+00,
2.703000e-05,3.26e+00,
2.704000e-05,3.26e+00,
2.705000e-05,3.26e+00,
2.706000e-05,3.26e+00,
2.707000e-05,3.26e+00,
2.708000e-05,3.26e+00,
2.709000e-05,3.26e+00,
2.710000e-05,3.26e+00,
2.711000e-05,3.26e+00,
2.712000e-05,3.26e+00,
2.713000e-05,3.26e+00,
2.714000e-05,3.26e+00,
2.715000e-05,3.26e+00,
2.716000e-05,3.26e+00,
2.717000e-05,3.26e+00,
2.718000e-05,3.26e+00,
2.719000e-05,3.26e+00,
2.720000e-05,3.26e+00,
2.721000e-05,3.26e+00,
2.722000e-05,3.26e+00,
2.723000e-05,3.26e+00,
2.724000e-05,3.26e+00,
2.725000e-05,3.26e+00,
2.726000e-05,3.26e+00,
2.727000e-05,3.26e+00,
2.728000e-05,3.26e+00,
2.729000e-05,3.26e+00,
2.730000e-05,3.26e+00,
2.731000e-05,3.26e+00,
2.732000e-05,3.26e+00,
2.733000e-05,3.26e+00,
2.734000e-05,3.26e+00,
2.735000e-05,3.26e+00,
2.736000e-05,3.26e+00,
2.737000e-05,3.26e+00,
2.738000e-05,3.26e+00,
2.739000e-05,3.26e+00,
2.740000e-05,3.26e+00,
2.741000e-05,3.26e+00,
2.742000e-05,3.26e+00,
2.743000e-05,3.26e+00,
2.744000e-05,3.26e+00,
2.745000e-05,3.26e+00,
2.746000e-05,3.26e+00,
2.747000e-05,3.26e+00,
2.748000e-05,3.26e+00,
2.749000e-05,3.26e+00,
2.750000e-05,3.26e+00,
2.751000e-05,3.26e+00,
2.752000e-05,3.26e+00,
2.753000e-05,3.26e+00,
2.754000e-05,3.26e+00,
2.755000e-05,3.26e+00,
2.756000e-05,3.26e+00,
2.757000e-05,3.26e+00,
2.758000e-05,3.26e+00,
2.759000e-05,3.26e+00,
2.760000e-05,3.26e+00,
2.761000e-05,3.26e+00,
2.762000e-05,3.26e+00,
2.763000e-05,3.26e+00,
2.764000e-05,3.26e+00,
2.765000e-05,3.26e+00,
2.766000e-05,3.26e+00,
2.767000e-05,3.26e+00,
2.768000e-05,3.26e+00,
2.769000e-05,3.26e+00,
2.770000e-05,3.26e+00,
2.771000e-05,3.26e+00,
2.772000e-05,3.26e+00,
2.773000e-05,3.26e+00,
2.774000e-05,3.26e+00,
2.775000e-05,3.26e+00,
2.776000e-05,3.26e+00,
2.777000e-05,3.26e+00,
2.778000e-05,3.26e+00,
2.779000e-05,3.26e+00,
2.780000e-05,3.26e+00,
2.781000e-05,3.26e+00,
2.782000e-05,3.26e+00,
2.783000e-05,3.26e+00,
2.784000e-05,3.26e+00,
2.785000e-05,3.26e+00,
2.786000e-05,3.26e+00,
2.787000e-05,3.26e+00,
2.788000e-05,3.26e+00,
2.789000e-05,3.26e+00,
2.790000e-05,3.26e+00,
2.791000e-05,3.26e+00,
2.792000e-05,3.26e+00,
2.793000e-05,3.26e+00,
2.794000e-05,3.26e+00,
2.795000e-05,3.26e+00,
2.796000e-05,3.26e+00,
2.797000e-05,3.26e+00,
2.798000e-05,3.26e+00,
2.799000e-05,3.26e+00,
2.800000e-05,3.26e+00,
2.801000e-05,3.26e+00,
2.802000e-05,3.26e+00,
2.803000e-05,3.26e+00,
2.804000e-05,3.26e+00,
2.805000e-05,3.26e+00,
2.806000e-05,3.26e+00,
2.807000e-05,3.26e+00,
2.808000e-05,3.26e+00,
2.809000e-05,3.26e+00,
2.810000e-05,3.26e+00,
2.811000e-05,3.26e+00,
2.812000e-05,3.26e+00,
2.813000e-05,3.26e+00,
2.814000e-05,3.26e+00,
2.815000e-05,3.26e+00,
2.816000e-05,3.26e+00,
2.817000e-05,3.26e+00,
2.818000e-05,3.26e+00,
2.819000e-05,3.26e+00,
2.820000e-05,3.26e+00,
2.821000e-05,3.26e+00,
2.822000e-05,3.26e+00,
2.823000e-05,3.26e+00,
2.824000e-05,3.26e+00,
2.825000e-05,3.26e+00,
2.826000e-05,3.26e+00,
2.827000e-05,3.26e+00,
2.828000e-05,3.26e+00,
2.829000e-05,3.26e+00,
2.830000e-05,3.26e+00,
2.831000e-05,3.26e+00,
2.832000e-05,3.26e+00,
2.833000e-05,3.26e+00,
2.834000e-05,3.26e+00,
2.835000e-05,3.26e+00,
2.836000e-05,3.26e+00,
2.837000e-05,3.26e+00,
2.838000e-05,3.26e+00,
2.839000e-05,3.26e+00,
2.840000e-05,3.26e+00,
2.841000e-05,3.26e+00,
2.842000e-05,3.26e+00,
2.843000e-05,3.26e+00,
2.844000e-05,3.26e+00,
2.845000e-05,3.26e+00,
2.846000e-05,3.26e+00,
2.847000e-05,3.26e+00,
2.848000e-05,3.26e+00,
2.849000e-05,3.26e+00,
2.850000e-05,3.26e+00,
2.851000e-05,3.26e+00,
2.852000e-05,3.26e+00,
2.853000e-05,3.26e+00,
2.854000e-05,3.26e+00,
2.855000e-05,3.26e+00,
2.856000e-05,3.26e+00,
2.857000e-05,3.26e+00,
2.858000e-05,3.26e+00,
2.859000e-05,3.26e+00,
2.860000e-05,3.26e+00,
2.861000e-05,3.26e+00,
2.862000e-05,3.26e+00,
2.863000e-05,3.26e+00,
2.864000e-05,3.26e+00,
2.865000e-05,3.26e+00,
2.866000e-05,3.26e+00,
2.867000e-05,3.26e+00,
2.868000e-05,3.26e+00,
2.869000e-05,3.26e+00,
2.870000e-05,3.26e+00,
2.871000e-05,3.26e+00,
2.872000e-05,3.26e+00,
2.873000e-05,3.26e+00,
2.874000e-05,3.26e+00,
2.875000e-05,3.26e+00,
2.876000e-05,3.26e+00,
2.877000e-05,3.26e+00,
2.878000e-05,3.26e+00,
2.879000e-05,3.26e+00,
2.880000e-05,3.26e+00,
2.881000e-05,3.26e+00,
2.882000e-05,3.26e+00,
2.883000e-05,3.26e+00,
2.884000e-05,3.26e+00,
2.885000e-05,3.26e+00,
2.886000e-05,3.26e+00,
2.887000e-05,3.26e+00,
2.888000e-05,3.26e+00,
2.889000e-05,3.26e+00,
2.890000e-05,3.26e+00,
2.891000e-05,3.26e+00,
2.892000e-05,3.26e+00,
2.893000e-05,3.26e+00,
2.894000e-05,3.26e+00,
2.895000e-05,3.26e+00,
2.896000e-05,3.26e+00,
2.897000e-05,3.26e+00,
2.898000e-05,3.26e+00,
2.899000e-05,3.26e+00,
2.900000e-05,3.26e+00,
2.901000e-05,3.26e+00,
2.902000e-05,3.26e+00,
2.903000e-05,3.26e+00,
2.904000e-05,3.26e+00,
2.905000e-05,3.26e+00,
2.906000e-05,3.26e+00,
2.907000e-05,3.26e+00,
2.908000e-05,3.26e+00,
2.909000e-05,3.26e+00,
2.910000e-05,3.26e+00,
2.911000e-05,3.26e+00,
2.912000e-05,3.26e+00,
2.913000e-05,3.26e+00,
2.914000e-05,3.26e+00,
2.915000e-05,3.26e+00,
2.916000e-05,3.26e+00,
2.917000e-05,3.26e+00,
2.918000e-05,3.26e+00,
2.919000e-05,3.26e+00,
2.920000e-05,3.26e+00,
2.921000e-05,3.26e+00,
2.922000e-05,3.26e+00,
2.923000e-05,3.26e+00,
2.924000e-05,3.26e+00,
2.925000e-05,3.26e+00,
2.926000e-05,3.26e+00,
2.927000e-05,3.26e+00,
2.928000e-05,3.26e+00,
2.929000e-05,3.26e+00,
2.930000e-05,3.26e+00,
2.931000e-05,3.26e+00,
2.932000e-05,3.26e+00,
2.933000e-05,3.26e+00,
2.934000e-05,3.26e+00,
2.935000e-05,3.26e+00,
2.936000e-05,3.26e+00,
2.937000e-05,3.26e+00,
2.938000e-05,3.26e+00,
2.939000e-05,3.26e+00,
2.940000e-05,3.26e+00,
2.941000e-05,3.26e+00,
2.942000e-05,3.26e+00,
2.943000e-05,3.26e+00,
2.944000e-05,3.26e+00,
2.945000e-05,3.26e+00,
2.946000e-05,3.26e+00,
2.947000e-05,3.26e+00,
2.948000e-05,3.26e+00,
2.949000e-05,3.26e+00,
2.950000e-05,3.26e+00,
2.951000e-05,3.26e+00,
2.952000e-05,3.26e+00,
2.953000e-05,3.26e+00,
2.954000e-05,3.26e+00,
2.955000e-05,3.26e+00,
2.956000e-05,3.26e+00,
2.957000e-05,3.26e+00,
2.958000e-05,3.26e+00,
2.959000e-05,3.26e+00,
2.960000e-05,3.26e+00,
2.961000e-05,3.26e+00,
2.962000e-05,3.26e+00,
2.963000e-05,3.26e+00,
2.964000e-05,3.26e+00,
2.965000e-05,3.26e+00,
2.966000e-05,3.26e+00,
2.967000e-05,3.26e+00,
2.968000e-05,3.26e+00,
2.969000e-05,3.26e+00,
2.970000e-05,3.26e+00,
2.971000e-05,3.26e+00,
2.972000e-05,3.26e+00,
2.973000e-05,3.26e+00,
2.974000e-05,3.26e+00,
2.975000e-05,3.26e+00,
2.976000e-05,3.26e+00,
2.977000e-05,3.26e+00,
2.978000e-05,3.26e+00,
2.979000e-05,3.26e+00,
2.980000e-05,3.26e+00,
2.981000e-05,3.26e+00,
2.982000e-05,3.26e+00,
2.983000e-05,3.26e+00,
2.984000e-05,3.26e+00,
2.985000e-05,3.26e+00,
2.986000e-05,3.26e+00,
2.987000e-05,3.26e+00,
2.988000e-05,3.26e+00,
2.989000e-05,3.26e+00,
2.990000e-05,3.26e+00,
2.991000e-05,3.26e+00,
2.992000e-05,3.26e+00,
2.993000e-05,3.26e+00,
2.994000e-05,3.26e+00,
2.995000e-05,3.26e+00,
2.996000e-05,3.26e+00,
2.997000e-05,3.26e+00,
2.998000e-05,3.26e+00,
2.999000e-05,3.26e+00,
3.000000e-05,3.26e+00,
3.001000e-05,3.26e+00,
3.002000e-05,3.26e+00,
3.003000e-05,3.26e+00,
3.004000e-05,3.26e+00,
3.005000e-05,3.26e+00,
3.006000e-05,3.26e+00,
3.007000e-05,3.26e+00,
3.008000e-05,3.26e+00,
3.009000e-05,3.26e+00,
3.010000e-05,3.26e+00,
3.011000e-05,3.26e+00,
3.012000e-05,3.26e+00,
3.013000e-05,3.26e+00,
3.014000e-05,3.26e+00,
3.015000e-05,3.26e+00,
3.016000e-05,3.26e+00,
3.017000e-05,3.26e+00,
3.018000e-05,3.26e+00,
3.019000e-05,3.26e+00,
3.020000e-05,3.26e+00,
3.021000e-05,3.26e+00,
3.022000e-05,3.26e+00,
3.023000e-05,3.26e+00,
3.024000e-05,3.26e+00,
3.025000e-05,3.26e+00,
3.026000e-05,3.26e+00,
3.027000e-05,3.26e+00,
3.028000e-05,3.26e+00,
3.029000e-05,3.26e+00,
3.030000e-05,3.26e+00,
3.031000e-05,3.26e+00,
3.032000e-05,3.26e+00,
3.033000e-05,3.26e+00,
3.034000e-05,3.26e+00,
3.035000e-05,3.26e+00,
3.036000e-05,3.26e+00,
3.037000e-05,3.26e+00,
3.038000e-05,3.26e+00,
3.039000e-05,3.26e+00,
3.040000e-05,3.26e+00,
3.041000e-05,3.26e+00,
3.042000e-05,3.26e+00,
3.043000e-05,3.26e+00,
3.044000e-05,3.26e+00,
3.045000e-05,3.26e+00,
3.046000e-05,3.26e+00,
3.047000e-05,3.26e+00,
3.048000e-05,3.26e+00,
3.049000e-05,3.26e+00,
3.050000e-05,3.26e+00,
3.051000e-05,3.26e+00,
3.052000e-05,3.26e+00,
3.053000e-05,3.26e+00,
3.054000e-05,3.26e+00,
3.055000e-05,3.26e+00,
3.056000e-05,3.26e+00,
3.057000e-05,3.26e+00,
3.058000e-05,3.26e+00,
3.059000e-05,3.26e+00,
3.060000e-05,3.26e+00,
3.061000e-05,3.26e+00,
3.062000e-05,3.26e+00,
3.063000e-05,3.26e+00,
3.064000e-05,3.26e+00,
3.065000e-05,3.26e+00,
3.066000e-05,3.26e+00,
3.067000e-05,3.26e+00,
3.068000e-05,3.26e+00,
3.069000e-05,3.26e+00,
3.070000e-05,3.26e+00,
3.071000e-05,3.26e+00,
3.072000e-05,3.26e+00,
3.073000e-05,3.26e+00,
3.074000e-05,3.26e+00,
3.075000e-05,3.26e+00,
3.076000e-05,3.26e+00,
3.077000e-05,3.26e+00,
3.078000e-05,3.26e+00,
3.079000e-05,3.26e+00,
3.080000e-05,3.26e+00,
3.081000e-05,3.26e+00,
3.082000e-05,3.26e+00,
3.083000e-05,3.26e+00,
3.084000e-05,3.26e+00,
3.085000e-05,3.26e+00,
3.086000e-05,3.26e+00,
3.087000e-05,3.26e+00,
3.088000e-05,3.26e+00,
3.089000e-05,3.26e+00,
3.090000e-05,3.26e+00,
3.091000e-05,3.26e+00,
3.092000e-05,3.26e+00,
3.093000e-05,3.26e+00,
3.094000e-05,3.26e+00,
3.095000e-05,3.26e+00,
3.096000e-05,3.26e+00,
3.097000e-05,3.26e+00,
3.098000e-05,3.26e+00,
3.099000e-05,3.26e+00,
3.100000e-05,3.26e+00,
3.101000e-05,3.26e+00,
3.102000e-05,3.26e+00,
3.103000e-05,3.26e+00,
3.104000e-05,3.26e+00,
3.105000e-05,3.26e+00,
3.106000e-05,3.26e+00,
3.107000e-05,3.26e+00,
3.108000e-05,3.26e+00,
3.109000e-05,3.26e+00,
3.110000e-05,3.26e+00,
3.111000e-05,3.26e+00,
3.112000e-05,3.26e+00,
3.113000e-05,3.26e+00,
3.114000e-05,3.26e+00,
3.115000e-05,3.26e+00,
3.116000e-05,3.26e+00,
3.117000e-05,3.26e+00,
3.118000e-05,3.26e+00,
3.119000e-05,3.26e+00,
3.120000e-05,3.26e+00,
3.121000e-05,3.26e+00,
3.122000e-05,3.26e+00,
3.123000e-05,3.26e+00,
3.124000e-05,3.26e+00,
3.125000e-05,3.26e+00,
3.126000e-05,3.26e+00,
3.127000e-05,3.26e+00,
3.128000e-05,3.26e+00,
3.129000e-05,3.26e+00,
3.130000e-05,3.26e+00,
3.131000e-05,3.26e+00,
3.132000e-05,3.26e+00,
3.133000e-05,3.26e+00,
3.134000e-05,3.26e+00,
3.135000e-05,3.26e+00,
3.136000e-05,3.26e+00,
3.137000e-05,3.26e+00,
3.138000e-05,3.26e+00,
3.139000e-05,3.26e+00,
3.140000e-05,3.26e+00,
3.141000e-05,3.26e+00,
3.142000e-05,3.26e+00,
3.143000e-05,3.26e+00,
3.144000e-05,3.26e+00,
3.145000e-05,3.26e+00,
3.146000e-05,3.26e+00,
3.147000e-05,3.26e+00,
3.148000e-05,3.26e+00,
3.149000e-05,3.26e+00,
3.150000e-05,3.26e+00,
3.151000e-05,3.26e+00,
3.152000e-05,3.26e+00,
3.153000e-05,3.26e+00,
3.154000e-05,3.26e+00,
3.155000e-05,3.26e+00,
3.156000e-05,3.26e+00,
3.157000e-05,3.26e+00,
3.158000e-05,3.26e+00,
3.159000e-05,3.26e+00,
3.160000e-05,3.26e+00,
3.161000e-05,3.26e+00,
3.162000e-05,3.26e+00,
3.163000e-05,3.26e+00,
3.164000e-05,3.26e+00,
3.165000e-05,3.26e+00,
3.166000e-05,3.26e+00,
3.167000e-05,3.26e+00,
3.168000e-05,3.26e+00,
3.169000e-05,3.26e+00,
3.170000e-05,3.26e+00,
3.171000e-05,3.26e+00,
3.172000e-05,3.26e+00,
3.173000e-05,3.26e+00,
3.174000e-05,3.26e+00,
3.175000e-05,3.26e+00,
3.176000e-05,3.26e+00,
3.177000e-05,3.26e+00,
3.178000e-05,3.26e+00,
3.179000e-05,3.26e+00,
3.180000e-05,3.26e+00,
3.181000e-05,3.26e+00,
3.182000e-05,3.26e+00,
3.183000e-05,3.26e+00,
3.184000e-05,3.26e+00,
3.185000e-05,3.26e+00,
3.186000e-05,3.26e+00,
3.187000e-05,3.26e+00,
3.188000e-05,3.26e+00,
3.189000e-05,3.26e+00,
3.190000e-05,3.26e+00,
3.191000e-05,3.26e+00,
3.192000e-05,3.26e+00,
3.193000e-05,3.26e+00,
3.194000e-05,3.26e+00,
3.195000e-05,3.26e+00,
3.196000e-05,3.26e+00,
3.197000e-05,3.26e+00,
3.198000e-05,3.26e+00,
3.199000e-05,3.26e+00,
3.200000e-05,3.26e+00,
3.201000e-05,3.26e+00,
3.202000e-05,3.26e+00,
3.203000e-05,3.26e+00,
3.204000e-05,3.26e+00,
3.205000e-05,3.26e+00,
3.206000e-05,3.26e+00,
3.207000e-05,3.26e+00,
3.208000e-05,3.26e+00,
3.209000e-05,3.26e+00,
3.210000e-05,3.26e+00,
3.211000e-05,3.26e+00,
3.212000e-05,3.26e+00,
3.213000e-05,3.26e+00,
3.214000e-05,3.26e+00,
3.215000e-05,3.26e+00,
3.216000e-05,3.26e+00,
3.217000e-05,3.26e+00,
3.218000e-05,3.26e+00,
3.219000e-05,3.26e+00,
3.220000e-05,3.26e+00,
3.221000e-05,3.26e+00,
3.222000e-05,3.26e+00,
3.223000e-05,3.26e+00,
3.224000e-05,3.26e+00,
3.225000e-05,3.26e+00,
3.226000e-05,3.26e+00,
3.227000e-05,3.26e+00,
3.228000e-05,3.26e+00,
3.229000e-05,3.26e+00,
3.230000e-05,3.26e+00,
3.231000e-05,3.26e+00,
3.232000e-05,3.26e+00,
3.233000e-05,3.26e+00,
3.234000e-05,3.26e+00,
3.235000e-05,3.26e+00,
3.236000e-05,3.26e+00,
3.237000e-05,3.26e+00,
3.238000e-05,3.26e+00,
3.239000e-05,3.26e+00,
3.240000e-05,3.26e+00,
3.241000e-05,3.26e+00,
3.242000e-05,3.26e+00,
3.243000e-05,3.26e+00,
3.244000e-05,3.26e+00,
3.245000e-05,3.26e+00,
3.246000e-05,3.26e+00,
3.247000e-05,3.26e+00,
3.248000e-05,3.26e+00,
3.249000e-05,3.26e+00,
3.250000e-05,3.26e+00,
3.251000e-05,3.26e+00,
3.252000e-05,3.26e+00,
3.253000e-05,3.26e+00,
3.254000e-05,3.26e+00,
3.255000e-05,3.26e+00,
3.256000e-05,3.26e+00,
3.257000e-05,3.26e+00,
3.258000e-05,3.26e+00,
3.259000e-05,3.26e+00,
3.260000e-05,3.26e+00,
3.261000e-05,3.26e+00,
3.262000e-05,3.26e+00,
3.263000e-05,3.26e+00,
3.264000e-05,3.26e+00,
3.265000e-05,3.26e+00,
3.266000e-05,3.26e+00,
3.267000e-05,3.26e+00,
3.268000e-05,3.26e+00,
3.269000e-05,3.26e+00,
3.270000e-05,3.26e+00,
3.271000e-05,3.26e+00,
3.272000e-05,3.26e+00,
3.273000e-05,3.26e+00,
3.274000e-05,3.26e+00,
3.275000e-05,3.26e+00,
3.276000e-05,3.26e+00,
3.277000e-05,3.26e+00,
3.278000e-05,3.26e+00,
3.279000e-05,3.26e+00,
3.280000e-05,3.26e+00,
3.281000e-05,3.26e+00,
3.282000e-05,3.26e+00,
3.283000e-05,3.26e+00,
3.284000e-05,3.26e+00,
3.285000e-05,3.26e+00,
3.286000e-05,3.26e+00,
3.287000e-05,3.26e+00,
3.288000e-05,3.26e+00,
3.289000e-05,3.26e+00,
3.290000e-05,3.26e+00,
3.291000e-05,3.26e+00,
3.292000e-05,3.26e+00,
3.293000e-05,3.26e+00,
3.294000e-05,3.26e+00,
3.295000e-05,3.26e+00,
3.296000e-05,3.26e+00,
3.297000e-05,3.26e+00,
3.298000e-05,3.26e+00,
3.299000e-05,3.26e+00,
3.300000e-05,3.26e+00,
3.301000e-05,3.26e+00,
3.302000e-05,3.26e+00,
3.303000e-05,3.26e+00,
3.304000e-05,3.26e+00,
3.305000e-05,3.26e+00,
3.306000e-05,3.26e+00,
3.307000e-05,3.26e+00,
3.308000e-05,3.26e+00,
3.309000e-05,3.26e+00,
3.310000e-05,3.26e+00,
3.311000e-05,3.26e+00,
3.312000e-05,3.26e+00,
3.313000e-05,3.26e+00,
3.314000e-05,3.26e+00,
3.315000e-05,3.26e+00,
3.316000e-05,3.26e+00,
3.317000e-05,3.26e+00,
3.318000e-05,3.26e+00,
3.319000e-05,3.26e+00,
3.320000e-05,3.26e+00,
3.321000e-05,3.26e+00,
3.322000e-05,3.26e+00,
3.323000e-05,3.26e+00,
3.324000e-05,3.26e+00,
3.325000e-05,3.26e+00,
3.326000e-05,3.26e+00,
3.327000e-05,3.26e+00,
3.328000e-05,3.26e+00,
3.329000e-05,3.26e+00,
3.330000e-05,3.26e+00,
3.331000e-05,3.26e+00,
3.332000e-05,3.26e+00,
3.333000e-05,3.26e+00,
3.334000e-05,3.26e+00,
3.335000e-05,3.26e+00,
3.336000e-05,3.26e+00,
3.337000e-05,3.26e+00,
3.338000e-05,3.26e+00,
3.339000e-05,3.26e+00,
3.340000e-05,3.26e+00,
3.341000e-05,3.26e+00,
3.342000e-05,3.26e+00,
3.343000e-05,3.26e+00,
3.344000e-05,3.26e+00,
3.345000e-05,3.26e+00,
3.346000e-05,3.26e+00,
3.347000e-05,3.26e+00,
3.348000e-05,3.26e+00,
3.349000e-05,3.26e+00,
3.350000e-05,3.26e+00,
3.351000e-05,3.26e+00,
3.352000e-05,3.26e+00,
3.353000e-05,3.26e+00,
3.354000e-05,3.26e+00,
3.355000e-05,3.26e+00,
3.356000e-05,3.26e+00,
3.357000e-05,3.26e+00,
3.358000e-05,3.26e+00,
3.359000e-05,3.26e+00,
3.360000e-05,3.26e+00,
3.361000e-05,3.26e+00,
3.362000e-05,3.26e+00,
3.363000e-05,3.26e+00,
3.364000e-05,3.26e+00,
3.365000e-05,3.26e+00,
3.366000e-05,3.26e+00,
3.367000e-05,3.26e+00,
3.368000e-05,3.26e+00,
3.369000e-05,3.26e+00,
3.370000e-05,3.26e+00,
3.371000e-05,3.26e+00,
3.372000e-05,3.26e+00,
3.373000e-05,3.26e+00,
3.374000e-05,3.26e+00,
3.375000e-05,3.26e+00,
3.376000e-05,3.26e+00,
3.377000e-05,3.26e+00,
3.378000e-05,3.26e+00,
3.379000e-05,3.26e+00,
3.380000e-05,3.26e+00,
3.381000e-05,3.26e+00,
3.382000e-05,3.26e+00,
3.383000e-05,3.26e+00,
3.384000e-05,3.26e+00,
3.385000e-05,3.26e+00,
3.386000e-05,3.26e+00,
3.387000e-05,3.26e+00,
3.388000e-05,3.26e+00,
3.389000e-05,3.26e+00,
3.390000e-05,3.26e+00,
3.391000e-05,3.26e+00,
3.392000e-05,3.26e+00,
3.393000e-05,3.26e+00,
3.394000e-05,3.26e+00,
3.395000e-05,3.26e+00,
3.396000e-05,3.26e+00,
3.397000e-05,3.26e+00,
3.398000e-05,3.26e+00,
3.399000e-05,3.26e+00,
3.400000e-05,3.26e+00,
3.401000e-05,3.26e+00,
3.402000e-05,3.26e+00,
3.403000e-05,3.26e+00,
3.404000e-05,3.26e+00,
3.405000e-05,3.26e+00,
3.406000e-05,3.26e+00,
3.407000e-05,3.26e+00,
3.408000e-05,3.26e+00,
3.409000e-05,3.26e+00,
3.410000e-05,3.26e+00,
3.411000e-05,3.26e+00,
3.412000e-05,3.26e+00,
3.413000e-05,3.26e+00,
3.414000e-05,3.26e+00,
3.415000e-05,3.26e+00,
3.416000e-05,3.26e+00,
3.417000e-05,3.26e+00,
3.418000e-05,3.26e+00,
3.419000e-05,3.26e+00,
3.420000e-05,3.26e+00,
3.421000e-05,3.26e+00,
3.422000e-05,3.25e+00,
3.423000e-05,3.26e+00,
3.424000e-05,3.26e+00,
3.425000e-05,3.26e+00,
3.426000e-05,3.26e+00,
3.427000e-05,3.26e+00,
3.428000e-05,3.26e+00,
3.429000e-05,3.26e+00,
3.430000e-05,3.26e+00,
3.431000e-05,3.26e+00,
3.432000e-05,3.26e+00,
3.433000e-05,3.26e+00,
3.434000e-05,3.26e+00,
3.435000e-05,3.26e+00,
3.436000e-05,3.26e+00,
3.437000e-05,3.26e+00,
3.438000e-05,3.26e+00,
3.439000e-05,3.26e+00,
3.440000e-05,3.26e+00,
3.441000e-05,3.26e+00,
3.442000e-05,3.26e+00,
3.443000e-05,3.26e+00,
3.444000e-05,3.26e+00,
3.445000e-05,3.26e+00,
3.446000e-05,3.26e+00,
3.447000e-05,3.26e+00,
3.448000e-05,3.26e+00,
3.449000e-05,3.26e+00,
3.450000e-05,3.26e+00,
3.451000e-05,3.26e+00,
3.452000e-05,3.26e+00,
3.453000e-05,3.26e+00,
3.454000e-05,3.26e+00,
3.455000e-05,3.26e+00,
3.456000e-05,3.26e+00,
3.457000e-05,3.26e+00,
3.458000e-05,3.26e+00,
3.459000e-05,3.26e+00,
3.460000e-05,3.26e+00,
3.461000e-05,3.26e+00,
3.462000e-05,3.26e+00,
3.463000e-05,3.26e+00,
3.464000e-05,3.26e+00,
3.465000e-05,3.26e+00,
3.466000e-05,3.26e+00,
3.467000e-05,3.26e+00,
3.468000e-05,3.26e+00,
3.469000e-05,3.26e+00,
3.470000e-05,3.26e+00,
3.471000e-05,3.26e+00,
3.472000e-05,3.26e+00,
3.473000e-05,3.26e+00,
3.474000e-05,3.26e+00,
3.475000e-05,3.26e+00,
3.476000e-05,3.26e+00,
3.477000e-05,3.26e+00,
3.478000e-05,3.26e+00,
3.479000e-05,3.26e+00,
3.480000e-05,3.26e+00,
3.481000e-05,3.26e+00,
3.482000e-05,3.26e+00,
3.483000e-05,3.26e+00,
3.484000e-05,3.26e+00,
3.485000e-05,3.26e+00,
3.486000e-05,3.26e+00,
3.487000e-05,3.26e+00,
3.488000e-05,3.26e+00,
3.489000e-05,3.26e+00,
3.490000e-05,3.26e+00,
3.491000e-05,3.26e+00,
3.492000e-05,3.26e+00,
3.493000e-05,3.26e+00,
3.494000e-05,3.26e+00,
3.495000e-05,3.26e+00,
3.496000e-05,3.26e+00,
3.497000e-05,3.26e+00,
3.498000e-05,3.26e+00,
3.499000e-05,3.26e+00,
3.500000e-05,3.26e+00,
3.501000e-05,3.26e+00,
3.502000e-05,3.26e+00,
3.503000e-05,3.26e+00,
3.504000e-05,3.26e+00,
3.505000e-05,3.26e+00,
3.506000e-05,3.26e+00,
3.507000e-05,3.26e+00,
3.508000e-05,3.26e+00,
3.509000e-05,3.26e+00,
3.510000e-05,3.26e+00,
3.511000e-05,3.26e+00,
3.512000e-05,3.26e+00,
3.513000e-05,3.26e+00,
3.514000e-05,3.26e+00,
3.515000e-05,3.26e+00,
3.516000e-05,3.26e+00,
3.517000e-05,3.26e+00,
3.518000e-05,3.26e+00,
3.519000e-05,3.26e+00,
3.520000e-05,3.26e+00,
3.521000e-05,3.26e+00,
3.522000e-05,3.26e+00,
3.523000e-05,3.26e+00,
3.524000e-05,3.26e+00,
3.525000e-05,3.26e+00,
3.526000e-05,3.26e+00,
3.527000e-05,3.26e+00,
3.528000e-05,3.26e+00,
3.529000e-05,3.26e+00,
3.530000e-05,3.26e+00,
3.531000e-05,3.26e+00,
3.532000e-05,3.26e+00,
3.533000e-05,3.26e+00,
3.534000e-05,3.26e+00,
3.535000e-05,3.26e+00,
3.536000e-05,3.26e+00,
3.537000e-05,3.26e+00,
3.538000e-05,3.26e+00,
3.539000e-05,3.26e+00,
3.540000e-05,3.26e+00,
3.541000e-05,3.26e+00,
3.542000e-05,3.26e+00,
3.543000e-05,3.26e+00,
3.544000e-05,3.26e+00,
3.545000e-05,3.26e+00,
3.546000e-05,3.26e+00,
3.547000e-05,3.26e+00,
3.548000e-05,3.26e+00,
3.549000e-05,3.26e+00,
3.550000e-05,3.26e+00,
3.551000e-05,3.26e+00,
3.552000e-05,3.26e+00,
3.553000e-05,3.26e+00,
3.554000e-05,3.26e+00,
3.555000e-05,3.26e+00,
3.556000e-05,3.26e+00,
3.557000e-05,3.26e+00,
3.558000e-05,3.26e+00,
3.559000e-05,3.26e+00,
3.560000e-05,3.26e+00,
3.561000e-05,3.26e+00,
3.562000e-05,3.26e+00,
3.563000e-05,3.26e+00,
3.564000e-05,3.26e+00,
3.565000e-05,3.26e+00,
3.566000e-05,3.26e+00,
3.567000e-05,3.26e+00,
3.568000e-05,3.26e+00,
3.569000e-05,3.26e+00,
3.570000e-05,3.26e+00,
3.571000e-05,3.26e+00,
3.572000e-05,3.26e+00,
3.573000e-05,3.26e+00,
3.574000e-05,3.26e+00,
3.575000e-05,3.26e+00,
3.576000e-05,3.26e+00,
3.577000e-05,3.26e+00,
3.578000e-05,3.26e+00,
3.579000e-05,3.26e+00,
3.580000e-05,3.26e+00,
3.581000e-05,3.26e+00,
3.582000e-05,3.26e+00,
3.583000e-05,3.26e+00,
3.584000e-05,3.26e+00,
3.585000e-05,3.26e+00,
3.586000e-05,3.26e+00,
3.587000e-05,3.26e+00,
3.588000e-05,3.26e+00,
3.589000e-05,3.26e+00,
3.590000e-05,3.26e+00,
3.591000e-05,3.26e+00,
3.592000e-05,3.26e+00,
3.593000e-05,3.26e+00,
3.594000e-05,3.26e+00,
3.595000e-05,3.26e+00,
3.596000e-05,3.26e+00,
3.597000e-05,3.26e+00,
3.598000e-05,3.26e+00,
3.599000e-05,3.26e+00,
3.600000e-05,3.26e+00,
3.601000e-05,3.26e+00,
3.602000e-05,3.26e+00,
3.603000e-05,3.26e+00,
3.604000e-05,3.26e+00,
3.605000e-05,3.26e+00,
3.606000e-05,3.26e+00,
3.607000e-05,3.26e+00,
3.608000e-05,3.26e+00,
3.609000e-05,3.26e+00,
3.610000e-05,3.26e+00,
3.611000e-05,3.26e+00,
3.612000e-05,3.26e+00,
3.613000e-05,3.26e+00,
3.614000e-05,3.26e+00,
3.615000e-05,3.26e+00,
3.616000e-05,3.26e+00,
3.617000e-05,3.26e+00,
3.618000e-05,3.26e+00,
3.619000e-05,3.26e+00,
3.620000e-05,3.26e+00,
3.621000e-05,3.26e+00,
3.622000e-05,3.26e+00,
3.623000e-05,3.26e+00,
3.624000e-05,3.26e+00,
3.625000e-05,3.26e+00,
3.626000e-05,3.26e+00,
3.627000e-05,3.26e+00,
3.628000e-05,3.26e+00,
3.629000e-05,3.26e+00,
3.630000e-05,3.26e+00,
3.631000e-05,3.26e+00,
3.632000e-05,3.26e+00,
3.633000e-05,3.26e+00,
3.634000e-05,3.26e+00,
3.635000e-05,3.26e+00,
3.636000e-05,3.26e+00,
3.637000e-05,3.26e+00,
3.638000e-05,3.26e+00,
3.639000e-05,3.26e+00,
3.640000e-05,3.26e+00,
3.641000e-05,3.26e+00,
3.642000e-05,3.26e+00,
3.643000e-05,3.26e+00,
3.644000e-05,3.26e+00,
3.645000e-05,3.26e+00,
3.646000e-05,3.26e+00,
3.647000e-05,3.26e+00,
3.648000e-05,3.26e+00,
3.649000e-05,3.26e+00,
3.650000e-05,3.26e+00,
3.651000e-05,3.26e+00,
3.652000e-05,3.26e+00,
3.653000e-05,3.26e+00,
3.654000e-05,3.26e+00,
3.655000e-05,3.26e+00,
3.656000e-05,3.26e+00,
3.657000e-05,3.26e+00,
3.658000e-05,3.26e+00,
3.659000e-05,3.26e+00,
3.660000e-05,3.26e+00,
3.661000e-05,3.26e+00,
3.662000e-05,3.26e+00,
3.663000e-05,3.26e+00,
3.664000e-05,3.26e+00,
3.665000e-05,3.26e+00,
3.666000e-05,3.26e+00,
3.667000e-05,3.26e+00,
3.668000e-05,3.26e+00,
3.669000e-05,3.26e+00,
3.670000e-05,3.26e+00,
3.671000e-05,3.26e+00,
3.672000e-05,3.26e+00,
3.673000e-05,3.26e+00,
3.674000e-05,3.26e+00,
3.675000e-05,3.26e+00,
3.676000e-05,3.26e+00,
3.677000e-05,3.26e+00,
3.678000e-05,3.26e+00,
3.679000e-05,3.26e+00,
3.680000e-05,3.26e+00,
3.681000e-05,3.26e+00,
3.682000e-05,3.26e+00,
3.683000e-05,3.26e+00,
3.684000e-05,3.26e+00,
3.685000e-05,3.26e+00,
3.686000e-05,3.26e+00,
3.687000e-05,3.26e+00,
3.688000e-05,3.26e+00,
3.689000e-05,3.26e+00,
3.690000e-05,3.26e+00,
3.691000e-05,3.26e+00,
3.692000e-05,3.26e+00,
3.693000e-05,3.26e+00,
3.694000e-05,3.26e+00,
3.695000e-05,3.26e+00,
3.696000e-05,3.26e+00,
3.697000e-05,3.26e+00,
3.698000e-05,3.26e+00,
3.699000e-05,3.26e+00,
3.700000e-05,3.26e+00,
3.701000e-05,3.26e+00,
3.702000e-05,3.26e+00,
3.703000e-05,3.26e+00,
3.704000e-05,3.26e+00,
3.705000e-05,3.26e+00,
3.706000e-05,3.26e+00,
3.707000e-05,3.26e+00,
3.708000e-05,3.26e+00,
3.709000e-05,3.26e+00,
3.710000e-05,3.26e+00,
3.711000e-05,3.26e+00,
3.712000e-05,3.26e+00,
3.713000e-05,3.26e+00,
3.714000e-05,3.26e+00,
3.715000e-05,3.26e+00,
3.716000e-05,3.26e+00,
3.717000e-05,3.26e+00,
3.718000e-05,3.26e+00,
3.719000e-05,3.26e+00,
3.720000e-05,3.26e+00,
3.721000e-05,3.26e+00,
3.722000e-05,3.26e+00,
3.723000e-05,3.26e+00,
3.724000e-05,3.26e+00,
3.725000e-05,3.26e+00,
3.726000e-05,3.26e+00,
3.727000e-05,3.26e+00,
3.728000e-05,3.26e+00,
3.729000e-05,3.26e+00,
3.730000e-05,3.26e+00,
3.731000e-05,3.26e+00,
3.732000e-05,3.26e+00,
3.733000e-05,3.26e+00,
3.734000e-05,3.26e+00,
3.735000e-05,3.26e+00,
3.736000e-05,3.26e+00,
3.737000e-05,3.26e+00,
3.738000e-05,3.26e+00,
3.739000e-05,3.26e+00,
3.740000e-05,3.26e+00,
3.741000e-05,3.26e+00,
3.742000e-05,3.26e+00,
3.743000e-05,3.26e+00,
3.744000e-05,3.26e+00,
3.745000e-05,3.26e+00,
3.746000e-05,3.26e+00,
3.747000e-05,3.26e+00,
3.748000e-05,3.26e+00,
3.749000e-05,3.26e+00,
3.750000e-05,3.26e+00,
3.751000e-05,3.26e+00,
3.752000e-05,3.26e+00,
3.753000e-05,3.26e+00,
3.754000e-05,3.26e+00,
3.755000e-05,3.26e+00,
3.756000e-05,3.26e+00,
3.757000e-05,3.26e+00,
3.758000e-05,3.26e+00,
3.759000e-05,3.26e+00,
3.760000e-05,3.26e+00,
3.761000e-05,3.26e+00,
3.762000e-05,3.26e+00,
3.763000e-05,3.26e+00,
3.764000e-05,3.26e+00,
3.765000e-05,3.26e+00,
3.766000e-05,3.26e+00,
3.767000e-05,3.26e+00,
3.768000e-05,3.26e+00,
3.769000e-05,3.26e+00,
3.770000e-05,3.26e+00,
3.771000e-05,3.26e+00,
3.772000e-05,3.26e+00,
3.773000e-05,3.26e+00,
3.774000e-05,3.26e+00,
3.775000e-05,3.26e+00,
3.776000e-05,3.26e+00,
3.777000e-05,3.26e+00,
3.778000e-05,3.26e+00,
3.779000e-05,3.26e+00,
3.780000e-05,3.26e+00,
3.781000e-05,3.26e+00,
3.782000e-05,3.26e+00,
3.783000e-05,3.26e+00,
3.784000e-05,3.26e+00,
3.785000e-05,3.26e+00,
3.786000e-05,3.26e+00,
3.787000e-05,3.26e+00,
3.788000e-05,3.26e+00,
3.789000e-05,3.26e+00,
3.790000e-05,3.26e+00,
3.791000e-05,3.26e+00,
3.792000e-05,3.26e+00,
3.793000e-05,3.26e+00,
3.794000e-05,3.26e+00,
3.795000e-05,3.26e+00,
3.796000e-05,3.26e+00,
3.797000e-05,3.26e+00,
3.798000e-05,3.26e+00,
3.799000e-05,3.26e+00,
3.800000e-05,3.26e+00,
3.801000e-05,3.26e+00,
3.802000e-05,3.26e+00,
3.803000e-05,3.26e+00,
3.804000e-05,3.26e+00,
3.805000e-05,3.26e+00,
3.806000e-05,3.26e+00,
3.807000e-05,3.26e+00,
3.808000e-05,3.26e+00,
3.809000e-05,3.26e+00,
3.810000e-05,3.26e+00,
3.811000e-05,3.26e+00,
3.812000e-05,3.26e+00,
3.813000e-05,3.26e+00,
3.814000e-05,3.26e+00,
3.815000e-05,3.26e+00,
3.816000e-05,3.26e+00,
3.817000e-05,3.26e+00,
3.818000e-05,3.26e+00,
3.819000e-05,3.26e+00,
3.820000e-05,3.26e+00,
3.821000e-05,3.26e+00,
3.822000e-05,3.26e+00,
3.823000e-05,3.26e+00,
3.824000e-05,3.26e+00,
3.825000e-05,3.26e+00,
3.826000e-05,3.26e+00,
3.827000e-05,3.26e+00,
3.828000e-05,3.26e+00,
3.829000e-05,3.26e+00,
3.830000e-05,3.26e+00,
3.831000e-05,3.26e+00,
3.832000e-05,3.26e+00,
3.833000e-05,3.26e+00,
3.834000e-05,3.26e+00,
3.835000e-05,3.26e+00,
3.836000e-05,3.26e+00,
3.837000e-05,3.26e+00,
3.838000e-05,3.26e+00,
3.839000e-05,3.26e+00,
3.840000e-05,3.26e+00,
3.841000e-05,3.26e+00,
3.842000e-05,3.26e+00,
3.843000e-05,3.26e+00,
3.844000e-05,3.26e+00,
3.845000e-05,3.26e+00,
3.846000e-05,3.26e+00,
3.847000e-05,3.26e+00,
3.848000e-05,3.26e+00,
3.849000e-05,3.26e+00,
3.850000e-05,3.26e+00,
3.851000e-05,3.26e+00,
3.852000e-05,3.26e+00,
3.853000e-05,3.26e+00,
3.854000e-05,3.26e+00,
3.855000e-05,3.26e+00,
3.856000e-05,3.26e+00,
3.857000e-05,3.26e+00,
3.858000e-05,3.26e+00,
3.859000e-05,3.26e+00,
3.860000e-05,3.26e+00,
3.861000e-05,3.26e+00,
3.862000e-05,3.26e+00,
3.863000e-05,3.26e+00,
3.864000e-05,3.26e+00,
3.865000e-05,3.26e+00,
3.866000e-05,3.26e+00,
3.867000e-05,3.26e+00,
3.868000e-05,3.26e+00,
3.869000e-05,3.26e+00,
3.870000e-05,3.26e+00,
3.871000e-05,3.26e+00,
3.872000e-05,3.26e+00,
3.873000e-05,3.26e+00,
3.874000e-05,3.26e+00,
3.875000e-05,3.26e+00,
3.876000e-05,3.26e+00,
3.877000e-05,3.26e+00,
3.878000e-05,3.26e+00,
3.879000e-05,3.26e+00,
3.880000e-05,3.26e+00,
3.881000e-05,3.26e+00,
3.882000e-05,3.26e+00,
3.883000e-05,3.26e+00,
3.884000e-05,3.26e+00,
3.885000e-05,3.26e+00,
3.886000e-05,3.26e+00,
3.887000e-05,3.26e+00,
3.888000e-05,3.26e+00,
3.889000e-05,3.26e+00,
3.890000e-05,3.26e+00,
3.891000e-05,3.26e+00,
3.892000e-05,3.26e+00,
3.893000e-05,3.26e+00,
3.894000e-05,3.26e+00,
3.895000e-05,3.26e+00,
3.896000e-05,3.26e+00,
3.897000e-05,3.26e+00,
3.898000e-05,3.26e+00,
3.899000e-05,3.26e+00,
3.900000e-05,3.26e+00,
3.901000e-05,3.26e+00,
3.902000e-05,3.26e+00,
3.903000e-05,3.26e+00,
3.904000e-05,3.26e+00,
3.905000e-05,3.26e+00,
3.906000e-05,3.26e+00,
3.907000e-05,3.26e+00,
3.908000e-05,3.26e+00,
3.909000e-05,3.26e+00,
3.910000e-05,3.26e+00,
3.911000e-05,3.26e+00,
3.912000e-05,3.26e+00,
3.913000e-05,3.26e+00,
3.914000e-05,3.26e+00,
3.915000e-05,3.26e+00,
3.916000e-05,3.26e+00,
3.917000e-05,3.26e+00,
3.918000e-05,3.26e+00,
3.919000e-05,3.26e+00,
3.920000e-05,3.26e+00,
3.921000e-05,3.26e+00,
3.922000e-05,3.26e+00,
3.923000e-05,3.26e+00,
3.924000e-05,3.26e+00,
3.925000e-05,3.26e+00,
3.926000e-05,3.26e+00,
3.927000e-05,3.26e+00,
3.928000e-05,3.26e+00,
3.929000e-05,3.26e+00,
3.930000e-05,3.26e+00,
3.931000e-05,3.26e+00,
3.932000e-05,3.26e+00,
3.933000e-05,3.26e+00,
3.934000e-05,3.26e+00,
3.935000e-05,3.26e+00,
3.936000e-05,3.26e+00,
3.937000e-05,3.26e+00,
3.938000e-05,3.26e+00,
3.939000e-05,3.26e+00,
3.940000e-05,3.26e+00,
3.941000e-05,3.26e+00,
3.942000e-05,3.26e+00,
3.943000e-05,3.26e+00,
3.944000e-05,3.26e+00,
3.945000e-05,3.26e+00,
3.946000e-05,3.26e+00,
3.947000e-05,3.26e+00,
3.948000e-05,3.26e+00,
3.949000e-05,3.26e+00,
3.950000e-05,3.26e+00,
3.951000e-05,3.26e+00,
3.952000e-05,3.26e+00,
3.953000e-05,3.26e+00,
3.954000e-05,3.26e+00,
3.955000e-05,3.26e+00,
3.956000e-05,3.26e+00,
3.957000e-05,3.26e+00,
3.958000e-05,3.26e+00,
3.959000e-05,3.26e+00,
3.960000e-05,3.26e+00,
3.961000e-05,3.26e+00,
3.962000e-05,3.26e+00,
3.963000e-05,3.26e+00,
3.964000e-05,3.26e+00,
3.965000e-05,3.26e+00,
3.966000e-05,3.26e+00,
3.967000e-05,3.26e+00,
3.968000e-05,3.26e+00,
3.969000e-05,3.26e+00,
3.970000e-05,3.26e+00,
3.971000e-05,3.26e+00,
3.972000e-05,3.26e+00,
3.973000e-05,3.26e+00,
3.974000e-05,3.26e+00,
3.975000e-05,3.26e+00,
3.976000e-05,3.26e+00,
3.977000e-05,3.26e+00,
3.978000e-05,3.26e+00,
3.979000e-05,3.26e+00,
3.980000e-05,3.26e+00,
3.981000e-05,3.26e+00,
3.982000e-05,3.26e+00,
3.983000e-05,3.26e+00,
3.984000e-05,3.26e+00,
3.985000e-05,3.26e+00,
3.986000e-05,3.26e+00,
3.987000e-05,3.26e+00,
3.988000e-05,3.26e+00,
3.989000e-05,3.26e+00,
3.990000e-05,3.26e+00,
3.991000e-05,3.26e+00,
3.992000e-05,3.26e+00,
3.993000e-05,3.26e+00,
3.994000e-05,3.26e+00,
3.995000e-05,3.26e+00,
3.996000e-05,3.26e+00,
3.997000e-05,3.26e+00,
3.998000e-05,3.26e+00,
3.999000e-05,3.26e+00,
4.000000e-05,3.26e+00,
4.001000e-05,3.26e+00,
4.002000e-05,3.26e+00,
4.003000e-05,3.26e+00,
4.004000e-05,3.26e+00,
4.005000e-05,3.26e+00,
4.006000e-05,3.26e+00,
4.007000e-05,3.26e+00,
4.008000e-05,3.26e+00,
4.009000e-05,3.26e+00,
4.010000e-05,3.26e+00,
4.011000e-05,3.26e+00,
4.012000e-05,3.26e+00,
4.013000e-05,3.26e+00,
4.014000e-05,3.26e+00,
4.015000e-05,3.26e+00,
4.016000e-05,3.26e+00,
4.017000e-05,3.26e+00,
4.018000e-05,3.26e+00,
4.019000e-05,3.26e+00,
4.020000e-05,3.26e+00,
4.021000e-05,3.26e+00,
4.022000e-05,3.26e+00,
4.023000e-05,3.26e+00,
4.024000e-05,3.26e+00,
4.025000e-05,3.26e+00,
4.026000e-05,3.26e+00,
4.027000e-05,3.26e+00,
4.028000e-05,3.26e+00,
4.029000e-05,3.26e+00,
4.030000e-05,3.26e+00,
4.031000e-05,3.26e+00,
4.032000e-05,3.26e+00,
4.033000e-05,3.26e+00,
4.034000e-05,3.26e+00,
4.035000e-05,3.26e+00,
4.036000e-05,3.26e+00,
4.037000e-05,3.26e+00,
4.038000e-05,3.26e+00,
4.039000e-05,3.26e+00,
4.040000e-05,3.26e+00,
4.041000e-05,3.26e+00,
4.042000e-05,3.26e+00,
4.043000e-05,3.26e+00,
4.044000e-05,3.26e+00,
4.045000e-05,3.26e+00,
4.046000e-05,3.26e+00,
4.047000e-05,3.26e+00,
4.048000e-05,3.26e+00,
4.049000e-05,3.26e+00,
4.050000e-05,3.26e+00,
4.051000e-05,3.26e+00,
4.052000e-05,3.26e+00,
4.053000e-05,3.26e+00,
4.054000e-05,3.26e+00,
4.055000e-05,3.26e+00,
4.056000e-05,3.26e+00,
4.057000e-05,3.26e+00,
4.058000e-05,3.26e+00,
4.059000e-05,3.26e+00,
4.060000e-05,3.26e+00,
4.061000e-05,3.26e+00,
4.062000e-05,3.26e+00,
4.063000e-05,3.26e+00,
4.064000e-05,3.26e+00,
4.065000e-05,3.26e+00,
4.066000e-05,3.26e+00,
4.067000e-05,3.26e+00,
4.068000e-05,3.26e+00,
4.069000e-05,3.26e+00,
4.070000e-05,3.26e+00,
4.071000e-05,3.26e+00,
4.072000e-05,3.26e+00,
4.073000e-05,3.26e+00,
4.074000e-05,3.26e+00,
4.075000e-05,3.26e+00,
4.076000e-05,3.26e+00,
4.077000e-05,3.26e+00,
4.078000e-05,3.26e+00,
4.079000e-05,3.26e+00,
4.080000e-05,3.26e+00,
4.081000e-05,3.26e+00,
4.082000e-05,3.26e+00,
4.083000e-05,3.26e+00,
4.084000e-05,3.26e+00,
4.085000e-05,3.26e+00,
4.086000e-05,3.26e+00,
4.087000e-05,3.26e+00,
4.088000e-05,3.26e+00,
4.089000e-05,3.26e+00,
4.090000e-05,3.26e+00,
4.091000e-05,3.26e+00,
4.092000e-05,3.26e+00,
4.093000e-05,3.26e+00,
4.094000e-05,3.26e+00,
4.095000e-05,3.26e+00,
4.096000e-05,3.26e+00,
4.097000e-05,3.26e+00,
4.098000e-05,3.26e+00,
4.099000e-05,3.26e+00,
4.100000e-05,3.26e+00,
4.101000e-05,3.26e+00,
4.102000e-05,3.26e+00,
4.103000e-05,3.26e+00,
4.104000e-05,3.26e+00,
4.105000e-05,3.26e+00,
4.106000e-05,3.26e+00,
4.107000e-05,3.26e+00,
4.108000e-05,3.26e+00,
4.109000e-05,3.26e+00,
4.110000e-05,3.26e+00,
4.111000e-05,3.26e+00,
4.112000e-05,3.26e+00,
4.113000e-05,3.26e+00,
4.114000e-05,3.26e+00,
4.115000e-05,3.26e+00,
4.116000e-05,3.26e+00,
4.117000e-05,3.26e+00,
4.118000e-05,3.26e+00,
4.119000e-05,3.26e+00,
4.120000e-05,3.26e+00,
4.121000e-05,3.26e+00,
4.122000e-05,3.26e+00,
4.123000e-05,3.26e+00,
4.124000e-05,3.26e+00,
4.125000e-05,3.26e+00,
4.126000e-05,3.26e+00,
4.127000e-05,3.26e+00,
4.128000e-05,3.26e+00,
4.129000e-05,3.26e+00,
4.130000e-05,3.26e+00,
4.131000e-05,3.26e+00,
4.132000e-05,3.26e+00,
4.133000e-05,3.26e+00,
4.134000e-05,3.26e+00,
4.135000e-05,3.26e+00,
4.136000e-05,3.26e+00,
4.137000e-05,3.26e+00,
4.138000e-05,3.26e+00,
4.139000e-05,3.26e+00,
4.140000e-05,3.26e+00,
4.141000e-05,3.26e+00,
4.142000e-05,3.26e+00,
4.143000e-05,3.26e+00,
4.144000e-05,3.26e+00,
4.145000e-05,3.26e+00,
4.146000e-05,3.26e+00,
4.147000e-05,3.26e+00,
4.148000e-05,3.26e+00,
4.149000e-05,3.26e+00,
4.150000e-05,3.26e+00,
4.151000e-05,3.26e+00,
4.152000e-05,3.26e+00,
4.153000e-05,3.26e+00,
4.154000e-05,3.26e+00,
4.155000e-05,3.26e+00,
4.156000e-05,3.26e+00,
4.157000e-05,3.26e+00,
4.158000e-05,3.26e+00,
4.159000e-05,3.26e+00,
4.160000e-05,3.26e+00,
4.161000e-05,3.26e+00,
4.162000e-05,3.26e+00,
4.163000e-05,3.26e+00,
4.164000e-05,3.26e+00,
4.165000e-05,3.26e+00,
4.166000e-05,3.26e+00,
4.167000e-05,3.26e+00,
4.168000e-05,3.26e+00,
4.169000e-05,3.26e+00,
4.170000e-05,3.26e+00,
4.171000e-05,3.26e+00,
4.172000e-05,3.26e+00,
4.173000e-05,3.26e+00,
4.174000e-05,3.26e+00,
4.175000e-05,3.26e+00,
4.176000e-05,3.26e+00,
4.177000e-05,3.26e+00,
4.178000e-05,3.26e+00,
4.179000e-05,3.26e+00,
4.180000e-05,3.26e+00,
4.181000e-05,3.26e+00,
4.182000e-05,3.26e+00,
4.183000e-05,3.26e+00,
4.184000e-05,3.26e+00,
4.185000e-05,3.26e+00,
4.186000e-05,3.26e+00,
4.187000e-05,3.26e+00,
4.188000e-05,3.26e+00,
4.189000e-05,3.26e+00,
4.190000e-05,3.26e+00,
4.191000e-05,3.26e+00,
4.192000e-05,3.26e+00,
4.193000e-05,3.26e+00,
4.194000e-05,3.26e+00,
4.195000e-05,3.26e+00,
4.196000e-05,3.26e+00,
4.197000e-05,3.26e+00,
4.198000e-05,3.26e+00,
4.199000e-05,3.26e+00,
4.200000e-05,3.26e+00,
4.201000e-05,3.26e+00,
4.202000e-05,3.26e+00,
4.203000e-05,3.26e+00,
4.204000e-05,3.26e+00,
4.205000e-05,3.26e+00,
4.206000e-05,3.26e+00,
4.207000e-05,3.26e+00,
4.208000e-05,3.26e+00,
4.209000e-05,3.26e+00,
4.210000e-05,3.26e+00,
4.211000e-05,3.26e+00,
4.212000e-05,3.26e+00,
4.213000e-05,3.26e+00,
4.214000e-05,3.26e+00,
4.215000e-05,3.26e+00,
4.216000e-05,3.26e+00,
4.217000e-05,3.26e+00,
4.218000e-05,3.26e+00,
4.219000e-05,3.26e+00,
4.220000e-05,3.26e+00,
4.221000e-05,3.26e+00,
4.222000e-05,3.26e+00,
4.223000e-05,3.26e+00,
4.224000e-05,3.26e+00,
4.225000e-05,3.26e+00,
4.226000e-05,3.26e+00,
4.227000e-05,3.26e+00,
4.228000e-05,3.26e+00,
4.229000e-05,3.26e+00,
4.230000e-05,3.26e+00,
4.231000e-05,3.26e+00,
4.232000e-05,3.26e+00,
4.233000e-05,3.26e+00,
4.234000e-05,3.26e+00,
4.235000e-05,3.26e+00,
4.236000e-05,3.26e+00,
4.237000e-05,3.26e+00,
4.238000e-05,3.26e+00,
4.239000e-05,3.26e+00,
4.240000e-05,3.26e+00,
4.241000e-05,3.26e+00,
4.242000e-05,3.26e+00,
4.243000e-05,3.26e+00,
4.244000e-05,3.26e+00,
4.245000e-05,3.26e+00,
4.246000e-05,3.26e+00,
4.247000e-05,3.26e+00,
4.248000e-05,3.26e+00,
4.249000e-05,3.26e+00,
4.250000e-05,3.26e+00,
4.251000e-05,3.26e+00,
4.252000e-05,3.26e+00,
4.253000e-05,3.26e+00,
4.254000e-05,3.26e+00,
4.255000e-05,3.26e+00,
4.256000e-05,3.26e+00,
4.257000e-05,3.26e+00,
4.258000e-05,3.26e+00,
4.259000e-05,3.26e+00,
4.260000e-05,3.26e+00,
4.261000e-05,3.26e+00,
4.262000e-05,3.26e+00,
4.263000e-05,3.26e+00,
4.264000e-05,3.26e+00,
4.265000e-05,3.26e+00,
4.266000e-05,3.26e+00,
4.267000e-05,3.26e+00,
4.268000e-05,3.26e+00,
4.269000e-05,3.26e+00,
4.270000e-05,3.26e+00,
4.271000e-05,3.26e+00,
4.272000e-05,3.26e+00,
4.273000e-05,3.26e+00,
4.274000e-05,3.26e+00,
4.275000e-05,3.26e+00,
4.276000e-05,3.26e+00,
4.277000e-05,3.26e+00,
4.278000e-05,3.26e+00,
4.279000e-05,3.26e+00,
4.280000e-05,3.26e+00,
4.281000e-05,3.26e+00,
4.282000e-05,3.26e+00,
4.283000e-05,3.26e+00,
4.284000e-05,3.26e+00,
4.285000e-05,3.26e+00,
4.286000e-05,3.26e+00,
4.287000e-05,3.26e+00,
4.288000e-05,3.26e+00,
4.289000e-05,3.26e+00,
4.290000e-05,3.26e+00,
4.291000e-05,3.26e+00,
4.292000e-05,3.26e+00,
4.293000e-05,3.26e+00,
4.294000e-05,3.26e+00,
4.295000e-05,3.26e+00,
4.296000e-05,3.26e+00,
4.297000e-05,3.26e+00,
4.298000e-05,3.26e+00,
4.299000e-05,3.26e+00,
4.300000e-05,3.26e+00,
4.301000e-05,3.26e+00,
4.302000e-05,3.26e+00,
4.303000e-05,3.26e+00,
4.304000e-05,3.26e+00,
4.305000e-05,3.26e+00,
4.306000e-05,3.26e+00,
4.307000e-05,3.26e+00,
4.308000e-05,3.26e+00,
4.309000e-05,3.26e+00,
4.310000e-05,3.26e+00,
4.311000e-05,3.26e+00,
4.312000e-05,3.26e+00,
4.313000e-05,3.26e+00,
4.314000e-05,3.26e+00,
4.315000e-05,3.26e+00,
4.316000e-05,3.26e+00,
4.317000e-05,3.26e+00,
4.318000e-05,3.26e+00,
4.319000e-05,3.26e+00,
4.320000e-05,3.26e+00,
4.321000e-05,3.26e+00,
4.322000e-05,3.26e+00,
4.323000e-05,3.26e+00,
4.324000e-05,3.26e+00,
4.325000e-05,3.26e+00,
4.326000e-05,3.26e+00,
4.327000e-05,3.26e+00,
4.328000e-05,3.26e+00,
4.329000e-05,3.26e+00,
4.330000e-05,3.26e+00,
4.331000e-05,3.26e+00,
4.332000e-05,3.26e+00,
4.333000e-05,3.26e+00,
4.334000e-05,3.26e+00,
4.335000e-05,3.26e+00,
4.336000e-05,3.26e+00,
4.337000e-05,3.26e+00,
4.338000e-05,3.26e+00,
4.339000e-05,3.26e+00,
4.340000e-05,3.26e+00,
4.341000e-05,3.26e+00,
4.342000e-05,3.26e+00,
4.343000e-05,3.26e+00,
4.344000e-05,3.26e+00,
4.345000e-05,3.26e+00,
4.346000e-05,3.26e+00,
4.347000e-05,3.26e+00,
4.348000e-05,3.26e+00,
4.349000e-05,3.26e+00,
4.350000e-05,3.26e+00,
4.351000e-05,3.26e+00,
4.352000e-05,3.26e+00,
4.353000e-05,3.26e+00,
4.354000e-05,3.26e+00,
4.355000e-05,3.26e+00,
4.356000e-05,3.26e+00,
4.357000e-05,3.26e+00,
4.358000e-05,3.26e+00,
4.359000e-05,3.26e+00,
4.360000e-05,3.26e+00,
4.361000e-05,3.26e+00,
4.362000e-05,3.26e+00,
4.363000e-05,3.26e+00,
4.364000e-05,3.26e+00,
4.365000e-05,3.26e+00,
4.366000e-05,3.26e+00,
4.367000e-05,3.26e+00,
4.368000e-05,3.26e+00,
4.369000e-05,3.26e+00,
4.370000e-05,3.26e+00,
4.371000e-05,3.26e+00,
4.372000e-05,3.26e+00,
4.373000e-05,3.26e+00,
4.374000e-05,3.26e+00,
4.375000e-05,3.26e+00,
4.376000e-05,3.26e+00,
4.377000e-05,3.26e+00,
4.378000e-05,3.26e+00,
4.379000e-05,3.26e+00,
4.380000e-05,3.26e+00,
4.381000e-05,3.26e+00,
4.382000e-05,3.26e+00,
4.383000e-05,3.26e+00,
4.384000e-05,3.26e+00,
4.385000e-05,3.26e+00,
4.386000e-05,3.26e+00,
4.387000e-05,3.26e+00,
4.388000e-05,3.26e+00,
4.389000e-05,3.26e+00,
4.390000e-05,3.26e+00,
4.391000e-05,3.26e+00,
4.392000e-05,3.26e+00,
4.393000e-05,3.26e+00,
4.394000e-05,3.26e+00,
4.395000e-05,3.26e+00,
4.396000e-05,3.26e+00,
4.397000e-05,3.26e+00,
4.398000e-05,3.26e+00,
4.399000e-05,3.26e+00,
4.400000e-05,3.26e+00,
4.401000e-05,3.26e+00,
4.402000e-05,3.26e+00,
4.403000e-05,3.26e+00,
4.404000e-05,3.26e+00,
4.405000e-05,3.26e+00,
4.406000e-05,3.26e+00,
4.407000e-05,3.26e+00,
4.408000e-05,3.26e+00,
4.409000e-05,3.26e+00,
4.410000e-05,3.26e+00,
4.411000e-05,3.26e+00,
4.412000e-05,3.26e+00,
4.413000e-05,3.26e+00,
4.414000e-05,3.26e+00,
4.415000e-05,3.26e+00,
4.416000e-05,3.26e+00,
4.417000e-05,3.26e+00,
4.418000e-05,3.26e+00,
4.419000e-05,3.26e+00,
4.420000e-05,3.26e+00,
4.421000e-05,3.26e+00,
4.422000e-05,3.26e+00,
4.423000e-05,3.26e+00,
4.424000e-05,3.26e+00,
4.425000e-05,3.26e+00,
4.426000e-05,3.26e+00,
4.427000e-05,3.26e+00,
4.428000e-05,3.26e+00,
4.429000e-05,3.26e+00,
4.430000e-05,3.26e+00,
4.431000e-05,3.26e+00,
4.432000e-05,3.26e+00,
4.433000e-05,3.26e+00,
4.434000e-05,3.26e+00,
4.435000e-05,3.26e+00,
4.436000e-05,3.26e+00,
4.437000e-05,3.26e+00,
4.438000e-05,3.26e+00,
4.439000e-05,3.26e+00,
4.440000e-05,3.26e+00,
4.441000e-05,3.26e+00,
4.442000e-05,3.26e+00,
4.443000e-05,3.26e+00,
4.444000e-05,3.26e+00,
4.445000e-05,3.26e+00,
4.446000e-05,3.26e+00,
4.447000e-05,3.26e+00,
4.448000e-05,3.26e+00,
4.449000e-05,3.26e+00,
4.450000e-05,3.26e+00,
4.451000e-05,3.26e+00,
4.452000e-05,3.26e+00,
4.453000e-05,3.26e+00,
4.454000e-05,3.26e+00,
4.455000e-05,3.26e+00,
4.456000e-05,3.26e+00,
4.457000e-05,3.26e+00,
4.458000e-05,3.26e+00,
4.459000e-05,3.26e+00,
4.460000e-05,3.26e+00,
4.461000e-05,3.26e+00,
4.462000e-05,3.26e+00,
4.463000e-05,3.26e+00,
4.464000e-05,3.26e+00,
4.465000e-05,3.26e+00,
4.466000e-05,3.26e+00,
4.467000e-05,3.26e+00,
4.468000e-05,3.26e+00,
4.469000e-05,3.26e+00,
4.470000e-05,3.26e+00,
4.471000e-05,3.26e+00,
4.472000e-05,3.26e+00,
4.473000e-05,3.26e+00,
4.474000e-05,3.26e+00,
4.475000e-05,3.26e+00,
4.476000e-05,3.26e+00,
4.477000e-05,3.26e+00,
4.478000e-05,3.26e+00,
4.479000e-05,3.26e+00,
4.480000e-05,3.26e+00,
4.481000e-05,3.26e+00,
4.482000e-05,3.26e+00,
4.483000e-05,3.26e+00,
4.484000e-05,3.26e+00,
4.485000e-05,3.26e+00,
4.486000e-05,3.26e+00,
4.487000e-05,3.26e+00,
4.488000e-05,3.26e+00,
4.489000e-05,3.26e+00,
4.490000e-05,3.26e+00,
4.491000e-05,3.26e+00,
4.492000e-05,3.26e+00,
4.493000e-05,3.26e+00,
4.494000e-05,3.26e+00,
4.495000e-05,3.26e+00,
4.496000e-05,3.26e+00,
4.497000e-05,3.26e+00,
4.498000e-05,3.26e+00,
4.499000e-05,3.26e+00,
4.500000e-05,3.26e+00,
4.501000e-05,3.26e+00,
4.502000e-05,3.26e+00,
4.503000e-05,3.26e+00,
4.504000e-05,3.26e+00,
4.505000e-05,3.26e+00,
4.506000e-05,3.26e+00,
4.507000e-05,3.26e+00,
4.508000e-05,3.26e+00,
4.509000e-05,3.26e+00,
4.510000e-05,3.26e+00,
4.511000e-05,3.26e+00,
4.512000e-05,3.26e+00,
4.513000e-05,3.26e+00,
4.514000e-05,3.26e+00,
4.515000e-05,3.26e+00,
4.516000e-05,3.26e+00,
4.517000e-05,3.26e+00,
4.518000e-05,3.26e+00,
4.519000e-05,3.26e+00,
4.520000e-05,3.26e+00,
4.521000e-05,3.26e+00,
4.522000e-05,3.26e+00,
4.523000e-05,3.26e+00,
4.524000e-05,3.26e+00,
4.525000e-05,3.26e+00,
4.526000e-05,3.26e+00,
4.527000e-05,3.26e+00,
4.528000e-05,3.26e+00,
4.529000e-05,3.26e+00,
4.530000e-05,3.26e+00,
4.531000e-05,3.26e+00,
4.532000e-05,3.26e+00,
4.533000e-05,3.26e+00,
4.534000e-05,3.26e+00,
4.535000e-05,3.26e+00,
4.536000e-05,3.26e+00,
4.537000e-05,3.26e+00,
4.538000e-05,3.26e+00,
4.539000e-05,3.26e+00,
4.540000e-05,3.26e+00,
4.541000e-05,3.26e+00,
4.542000e-05,3.26e+00,
4.543000e-05,3.26e+00,
4.544000e-05,3.26e+00,
4.545000e-05,3.26e+00,
4.546000e-05,3.26e+00,
4.547000e-05,3.26e+00,
4.548000e-05,3.26e+00,
4.549000e-05,3.26e+00,
4.550000e-05,3.26e+00,
4.551000e-05,3.26e+00,
4.552000e-05,3.26e+00,
4.553000e-05,3.26e+00,
4.554000e-05,3.26e+00,
4.555000e-05,3.26e+00,
4.556000e-05,3.26e+00,
4.557000e-05,3.26e+00,
4.558000e-05,3.26e+00,
4.559000e-05,3.26e+00,
4.560000e-05,3.26e+00,
4.561000e-05,3.26e+00,
4.562000e-05,3.26e+00,
4.563000e-05,3.26e+00,
4.564000e-05,3.26e+00,
4.565000e-05,3.26e+00,
4.566000e-05,3.26e+00,
4.567000e-05,3.26e+00,
4.568000e-05,3.26e+00,
4.569000e-05,3.26e+00,
4.570000e-05,3.26e+00,
4.571000e-05,3.26e+00,
4.572000e-05,3.26e+00,
4.573000e-05,3.26e+00,
4.574000e-05,3.26e+00,
4.575000e-05,3.26e+00,
4.576000e-05,3.26e+00,
4.577000e-05,3.26e+00,
4.578000e-05,3.26e+00,
4.579000e-05,3.26e+00,
4.580000e-05,3.26e+00,
4.581000e-05,3.26e+00,
4.582000e-05,3.26e+00,
4.583000e-05,3.26e+00,
4.584000e-05,3.26e+00,
4.585000e-05,3.26e+00,
4.586000e-05,3.26e+00,
4.587000e-05,3.26e+00,
4.588000e-05,3.26e+00,
4.589000e-05,3.26e+00,
4.590000e-05,3.26e+00,
4.591000e-05,3.26e+00,
4.592000e-05,3.26e+00,
4.593000e-05,3.26e+00,
4.594000e-05,3.26e+00,
4.595000e-05,3.26e+00,
4.596000e-05,3.26e+00,
4.597000e-05,3.26e+00,
4.598000e-05,3.26e+00,
4.599000e-05,3.26e+00,
4.600000e-05,3.26e+00,
4.601000e-05,3.26e+00,
4.602000e-05,3.26e+00,
4.603000e-05,3.26e+00,
4.604000e-05,3.26e+00,
4.605000e-05,3.26e+00,
4.606000e-05,3.26e+00,
4.607000e-05,3.26e+00,
4.608000e-05,3.26e+00,
4.609000e-05,3.26e+00,
4.610000e-05,3.26e+00,
4.611000e-05,3.26e+00,
4.612000e-05,3.26e+00,
4.613000e-05,3.26e+00,
4.614000e-05,3.26e+00,
4.615000e-05,3.26e+00,
4.616000e-05,3.26e+00,
4.617000e-05,3.26e+00,
4.618000e-05,3.26e+00,
4.619000e-05,3.26e+00,
4.620000e-05,3.26e+00,
4.621000e-05,3.26e+00,
4.622000e-05,3.26e+00,
4.623000e-05,3.26e+00,
4.624000e-05,3.26e+00,
4.625000e-05,3.26e+00,
4.626000e-05,3.26e+00,
4.627000e-05,3.26e+00,
4.628000e-05,3.26e+00,
4.629000e-05,3.26e+00,
4.630000e-05,3.26e+00,
4.631000e-05,3.26e+00,
4.632000e-05,3.26e+00,
4.633000e-05,3.26e+00,
4.634000e-05,3.26e+00,
4.635000e-05,3.26e+00,
4.636000e-05,3.26e+00,
4.637000e-05,3.26e+00,
4.638000e-05,3.26e+00,
4.639000e-05,3.26e+00,
4.640000e-05,3.26e+00,
4.641000e-05,3.26e+00,
4.642000e-05,3.26e+00,
4.643000e-05,3.26e+00,
4.644000e-05,3.26e+00,
4.645000e-05,3.26e+00,
4.646000e-05,3.26e+00,
4.647000e-05,3.26e+00,
4.648000e-05,3.26e+00,
4.649000e-05,3.26e+00,
4.650000e-05,3.26e+00,
4.651000e-05,3.26e+00,
4.652000e-05,3.26e+00,
4.653000e-05,3.26e+00,
4.654000e-05,3.26e+00,
4.655000e-05,3.26e+00,
4.656000e-05,3.26e+00,
4.657000e-05,3.26e+00,
4.658000e-05,3.26e+00,
4.659000e-05,3.26e+00,
4.660000e-05,3.26e+00,
4.661000e-05,3.26e+00,
4.662000e-05,3.26e+00,
4.663000e-05,3.26e+00,
4.664000e-05,3.26e+00,
4.665000e-05,3.26e+00,
4.666000e-05,3.26e+00,
4.667000e-05,3.26e+00,
4.668000e-05,3.26e+00,
4.669000e-05,3.26e+00,
4.670000e-05,3.26e+00,
4.671000e-05,3.26e+00,
4.672000e-05,3.26e+00,
4.673000e-05,3.26e+00,
4.674000e-05,3.26e+00,
4.675000e-05,3.26e+00,
4.676000e-05,3.26e+00,
4.677000e-05,3.26e+00,
4.678000e-05,3.26e+00,
4.679000e-05,3.26e+00,
4.680000e-05,3.26e+00,
4.681000e-05,3.26e+00,
4.682000e-05,3.26e+00,
4.683000e-05,3.26e+00,
4.684000e-05,3.26e+00,
4.685000e-05,3.26e+00,
4.686000e-05,3.26e+00,
4.687000e-05,3.26e+00,
4.688000e-05,3.26e+00,
4.689000e-05,3.26e+00,
4.690000e-05,3.26e+00,
4.691000e-05,3.26e+00,
4.692000e-05,3.26e+00,
4.693000e-05,3.26e+00,
4.694000e-05,3.26e+00,
4.695000e-05,3.26e+00,
4.696000e-05,3.26e+00,
4.697000e-05,3.26e+00,
4.698000e-05,3.26e+00,
4.699000e-05,3.26e+00,
4.700000e-05,3.26e+00,
4.701000e-05,3.26e+00,
4.702000e-05,3.26e+00,
4.703000e-05,3.26e+00,
4.704000e-05,3.26e+00,
4.705000e-05,3.26e+00,
4.706000e-05,3.26e+00,
4.707000e-05,3.26e+00,
4.708000e-05,3.26e+00,
4.709000e-05,3.26e+00,
4.710000e-05,3.26e+00,
4.711000e-05,3.26e+00,
4.712000e-05,3.26e+00,
4.713000e-05,3.26e+00,
4.714000e-05,3.26e+00,
4.715000e-05,3.26e+00,
4.716000e-05,3.26e+00,
4.717000e-05,3.26e+00,
4.718000e-05,3.26e+00,
4.719000e-05,3.26e+00,
4.720000e-05,3.26e+00,
4.721000e-05,3.26e+00,
4.722000e-05,3.26e+00,
4.723000e-05,3.26e+00,
4.724000e-05,3.26e+00,
4.725000e-05,3.26e+00,
4.726000e-05,3.26e+00,
4.727000e-05,3.26e+00,
4.728000e-05,3.26e+00,
4.729000e-05,3.26e+00,
4.730000e-05,3.26e+00,
4.731000e-05,3.26e+00,
4.732000e-05,3.26e+00,
4.733000e-05,3.26e+00,
4.734000e-05,3.26e+00,
4.735000e-05,3.26e+00,
4.736000e-05,3.26e+00,
4.737000e-05,3.26e+00,
4.738000e-05,3.26e+00,
4.739000e-05,3.26e+00,
4.740000e-05,3.26e+00,
4.741000e-05,3.26e+00,
4.742000e-05,3.26e+00,
4.743000e-05,3.26e+00,
4.744000e-05,3.26e+00,
4.745000e-05,3.26e+00,
4.746000e-05,3.26e+00,
4.747000e-05,3.26e+00,
4.748000e-05,3.26e+00,
4.749000e-05,3.26e+00,
4.750000e-05,3.26e+00,
4.751000e-05,3.26e+00,
4.752000e-05,3.26e+00,
4.753000e-05,3.26e+00,
4.754000e-05,3.26e+00,
4.755000e-05,3.26e+00,
4.756000e-05,3.26e+00,
4.757000e-05,3.26e+00,
4.758000e-05,3.26e+00,
4.759000e-05,3.26e+00,
4.760000e-05,3.26e+00,
4.761000e-05,3.26e+00,
4.762000e-05,3.26e+00,
4.763000e-05,3.26e+00,
4.764000e-05,3.26e+00,
4.765000e-05,3.26e+00,
4.766000e-05,3.26e+00,
4.767000e-05,3.26e+00,
4.768000e-05,3.26e+00,
4.769000e-05,3.26e+00,
4.770000e-05,3.26e+00,
4.771000e-05,3.26e+00,
4.772000e-05,3.26e+00,
4.773000e-05,3.26e+00,
4.774000e-05,3.26e+00,
4.775000e-05,3.26e+00,
4.776000e-05,3.26e+00,
4.777000e-05,3.26e+00,
4.778000e-05,3.26e+00,
4.779000e-05,3.26e+00,
4.780000e-05,3.26e+00,
4.781000e-05,3.26e+00,
4.782000e-05,3.26e+00,
4.783000e-05,3.26e+00,
4.784000e-05,3.26e+00,
4.785000e-05,3.26e+00,
4.786000e-05,3.26e+00,
4.787000e-05,3.26e+00,
4.788000e-05,3.26e+00,
4.789000e-05,3.26e+00,
4.790000e-05,3.26e+00,
4.791000e-05,3.26e+00,
4.792000e-05,3.26e+00,
4.793000e-05,3.26e+00,
4.794000e-05,3.26e+00,
4.795000e-05,3.26e+00,
4.796000e-05,3.26e+00,
4.797000e-05,3.26e+00,
4.798000e-05,3.26e+00,
4.799000e-05,3.26e+00,
4.800000e-05,3.26e+00,
4.801000e-05,3.26e+00,
4.802000e-05,3.26e+00,
4.803000e-05,3.26e+00,
4.804000e-05,3.26e+00,
4.805000e-05,3.26e+00,
4.806000e-05,3.26e+00,
4.807000e-05,3.26e+00,
4.808000e-05,3.26e+00,
4.809000e-05,3.26e+00,
4.810000e-05,3.26e+00,
4.811000e-05,3.26e+00,
4.812000e-05,3.26e+00,
4.813000e-05,3.26e+00,
4.814000e-05,3.26e+00,
4.815000e-05,3.26e+00,
4.816000e-05,3.26e+00,
4.817000e-05,3.26e+00,
4.818000e-05,3.26e+00,
4.819000e-05,3.26e+00,
4.820000e-05,3.26e+00,
4.821000e-05,3.26e+00,
4.822000e-05,3.26e+00,
4.823000e-05,3.26e+00,
4.824000e-05,3.26e+00,
4.825000e-05,3.26e+00,
4.826000e-05,3.26e+00,
4.827000e-05,3.26e+00,
4.828000e-05,3.26e+00,
4.829000e-05,3.26e+00,
4.830000e-05,3.26e+00,
4.831000e-05,3.26e+00,
4.832000e-05,3.26e+00,
4.833000e-05,3.26e+00,
4.834000e-05,3.26e+00,
4.835000e-05,3.26e+00,
4.836000e-05,3.26e+00,
4.837000e-05,3.26e+00,
4.838000e-05,3.26e+00,
4.839000e-05,3.26e+00,
4.840000e-05,3.26e+00,
4.841000e-05,3.26e+00,
4.842000e-05,3.26e+00,
4.843000e-05,3.26e+00,
4.844000e-05,3.26e+00,
4.845000e-05,3.26e+00,
4.846000e-05,3.26e+00,
4.847000e-05,3.26e+00,
4.848000e-05,3.26e+00,
4.849000e-05,3.26e+00,
4.850000e-05,3.26e+00,
4.851000e-05,3.26e+00,
4.852000e-05,3.26e+00,
4.853000e-05,3.26e+00,
4.854000e-05,3.26e+00,
4.855000e-05,3.26e+00,
4.856000e-05,3.26e+00,
4.857000e-05,3.26e+00,
4.858000e-05,3.26e+00,
4.859000e-05,3.26e+00,
4.860000e-05,3.26e+00,
4.861000e-05,3.26e+00,
4.862000e-05,3.26e+00,
4.863000e-05,3.26e+00,
4.864000e-05,3.26e+00,
4.865000e-05,3.26e+00,
4.866000e-05,3.26e+00,
4.867000e-05,3.26e+00,
4.868000e-05,3.26e+00,
4.869000e-05,3.26e+00,
4.870000e-05,3.26e+00,
4.871000e-05,3.26e+00,
4.872000e-05,3.26e+00,
4.873000e-05,3.26e+00,
4.874000e-05,3.26e+00,
4.875000e-05,3.26e+00,
4.876000e-05,3.26e+00,
4.877000e-05,3.26e+00,
4.878000e-05,3.26e+00,
4.879000e-05,3.26e+00,
4.880000e-05,3.26e+00,
4.881000e-05,3.26e+00,
4.882000e-05,3.26e+00,
4.883000e-05,3.26e+00,
4.884000e-05,3.26e+00,
4.885000e-05,3.26e+00,
4.886000e-05,3.26e+00,
4.887000e-05,3.26e+00,
4.888000e-05,3.26e+00,
4.889000e-05,3.26e+00,
4.890000e-05,3.26e+00,
4.891000e-05,3.26e+00,
4.892000e-05,3.26e+00,
4.893000e-05,3.26e+00,
4.894000e-05,3.26e+00,
4.895000e-05,3.26e+00,
4.896000e-05,3.26e+00,
4.897000e-05,3.26e+00,
4.898000e-05,3.26e+00,
4.899000e-05,3.26e+00,
4.900000e-05,3.26e+00,
4.901000e-05,3.26e+00,
4.902000e-05,3.26e+00,
4.903000e-05,3.26e+00,
4.904000e-05,3.26e+00,
4.905000e-05,3.26e+00,
4.906000e-05,3.26e+00,
4.907000e-05,3.26e+00,
4.908000e-05,3.26e+00,
4.909000e-05,3.26e+00,
4.910000e-05,3.26e+00,
4.911000e-05,3.26e+00,
4.912000e-05,3.26e+00,
4.913000e-05,3.26e+00,
4.914000e-05,3.26e+00,
4.915000e-05,3.26e+00,
4.916000e-05,3.26e+00,
4.917000e-05,3.26e+00,
4.918000e-05,3.26e+00,
4.919000e-05,3.26e+00,
4.920000e-05,3.26e+00,
4.921000e-05,3.26e+00,
4.922000e-05,3.26e+00,
4.923000e-05,3.26e+00,
4.924000e-05,3.26e+00,
4.925000e-05,3.26e+00,
4.926000e-05,3.26e+00,
4.927000e-05,3.26e+00,
4.928000e-05,3.26e+00,
4.929000e-05,3.26e+00,
4.930000e-05,3.26e+00,
4.931000e-05,3.26e+00,
4.932000e-05,3.26e+00,
4.933000e-05,3.26e+00,
4.934000e-05,3.26e+00,
4.935000e-05,3.26e+00,
4.936000e-05,3.26e+00,
4.937000e-05,3.26e+00,
4.938000e-05,3.26e+00,
4.939000e-05,3.26e+00,
4.940000e-05,3.26e+00,
4.941000e-05,3.26e+00,
4.942000e-05,3.26e+00,
4.943000e-05,3.26e+00,
4.944000e-05,3.26e+00,
4.945000e-05,3.26e+00,
4.946000e-05,3.26e+00,
4.947000e-05,3.26e+00,
4.948000e-05,3.26e+00,
4.949000e-05,3.26e+00,
4.950000e-05,3.26e+00,
4.951000e-05,3.26e+00,
4.952000e-05,3.26e+00,
4.953000e-05,3.26e+00,
4.954000e-05,3.26e+00,
4.955000e-05,3.26e+00,
4.956000e-05,3.26e+00,
4.957000e-05,3.26e+00,
4.958000e-05,3.26e+00,
4.959000e-05,3.26e+00,
4.960000e-05,3.26e+00,
4.961000e-05,3.26e+00,
4.962000e-05,3.26e+00,
4.963000e-05,3.26e+00,
4.964000e-05,3.26e+00,
4.965000e-05,3.26e+00,
4.966000e-05,3.26e+00,
4.967000e-05,3.26e+00,
4.968000e-05,3.26e+00,
4.969000e-05,3.26e+00,
4.970000e-05,3.26e+00,
4.971000e-05,3.26e+00,
4.972000e-05,3.26e+00,
4.973000e-05,3.26e+00,
4.974000e-05,3.26e+00,
4.975000e-05,3.26e+00,
4.976000e-05,3.26e+00,
4.977000e-05,3.26e+00,
4.978000e-05,3.26e+00,
4.979000e-05,3.26e+00,
4.980000e-05,3.26e+00,
4.981000e-05,3.26e+00,
4.982000e-05,3.26e+00,
4.983000e-05,3.26e+00,
4.984000e-05,3.26e+00,
4.985000e-05,3.26e+00,
4.986000e-05,3.26e+00,
4.987000e-05,3.26e+00,
4.988000e-05,3.26e+00,
4.989000e-05,3.26e+00,
4.990000e-05,3.26e+00,
4.991000e-05,3.26e+00,
4.992000e-05,3.26e+00,
4.993000e-05,3.26e+00,
4.994000e-05,3.26e+00,
4.995000e-05,3.26e+00,
4.996000e-05,3.26e+00,
4.997000e-05,3.26e+00,
4.998000e-05,3.26e+00,
4.999000e-05,3.26e+00,
